{"info": {"description": "", "url": "None", "version": "1.0", "year": 2021, "contributor": "Supervisely", "date_created": "2021-12-03T13:37:19.893Z"}, "licenses": [{"url": "None", "id": 0, "name": "None"}], "images": [{"license": "None", "file_name": "a1.jpg", "url": "https://app.supervise.ly/h5un6l2bnaz1vj8a9qgms4-public/images/original/M/5/ca/rFodwe6oXkn6u69Jrw1kLzDclVWssmaUGdA4gaB2iucGHFZ6fHLIJTADJZpgcB8L4iT3VOamGKGdSfiNO9wpkCPEkeOAQlBCSxkKN0ROF3wOCqSatxHA2dvpaaVx.jpg", "height": 401, "width": 600, "date_captured": "2021-12-03T13:37:20.034Z", "id": 227972944}, {"license": "None", "file_name": "a2.jpg", "url": "https://app.supervise.ly/h5un6l2bnaz1vj8a9qgms4-public/images/original/T/2/6Y/hh7IlfhZkJUvoZa4sxaSOsrco19k52eSp45DDzkJBfFuxMhllGrxl27hwpVYzbaZV0r0tYvW3gKsohK3rswZvOkyJ1BzhkNzMLEWpJlse4mWcZb9d4cLnqaK5eBc.jpg", "height": 336, "width": 512, "date_captured": "2021-12-03T13:37:20.034Z", "id": 227972945}, {"license": "None", "file_name": "a3.jpg", "url": "https://app.supervise.ly/h5un6l2bnaz1vj8a9qgms4-public/images/original/C/H/4I/WApDpn54lwQsP4mQ0FpP54gweHZQkhfdjy4yJvvzO36x6K1Q5nMMmKFsuOF6J4KoDN92V2yTcLI4nRNhgPdk1KVXgN9BYBdIelrcTbWSg65JmQ3uDQjHFZL9Onah.jpg", "height": 700, "width": 1060, "date_captured": "2021-12-03T13:37:20.034Z", "id": 227972946}, {"license": "None", "file_name": "a4.jpg", "url": "https://app.supervise.ly/h5un6l2bnaz1vj8a9qgms4-public/images/original/o/r/IX/IzmrtQV5EJqrk4syYxhQPqtIeEJKKnOn3tyzO3l7SQC3GFTrmxQV5Vo6XT4EhYZB7kedOSTZ5CgRPczAAGMgSWsbq8JyvD5Q9hYuagoXWfV4Nd5e6MMatnOLir2I.jpg", "height": 390, "width": 624, "date_captured": "2021-12-03T13:37:20.034Z", "id": 227972947}, {"license": "None", "file_name": "a5.jpg", "url": "https://app.supervise.ly/h5un6l2bnaz1vj8a9qgms4-public/images/original/F/J/3n/PU5RBi2mBjtXs63Utc12yX7sJ4bHQUztCWGOd1F7uzmnHkvtwdsU2MHng1B6dxSDpWOXqjLdQ1CUWGUE6prd83upzd7DRaGOdCC41RBoT5VCKU7yjopPB3yLhVde.jpg", "height": 845, "width": 1400, "date_captured": "2021-12-03T13:37:20.034Z", "id": 227972948}, {"license": "None", "file_name": "a6.jpg", "url": "https://app.supervise.ly/h5un6l2bnaz1vj8a9qgms4-public/images/original/V/0/ZL/pzOTcuhWhDe0HaNmAd2L4IFQBHVq77knR6scn0WQMnEHA1sHMUNkVPpoWvGU7vZC0f13qUevKY090c1hED1vj5t0szXvsmSF7sYIOc46M521CbTno5BhdTidrPxs.jpg", "height": 384, "width": 512, "date_captured": "2021-12-03T13:37:20.034Z", "id": 227972949}, {"license": "None", "file_name": "a7.jpg", "url": "https://app.supervise.ly/h5un6l2bnaz1vj8a9qgms4-public/images/original/I/X/Qf/nFCiimkAK8iOTgRP5cUrxH4V2p9gQRnDEVrb2JJCPrEH77kWsntlsINA1fmPI8L36XzB1wLBXidVsAmt5XjhofT1OZeXEYW8g01HwSOidsmKnlxzCbfRIeid5grh.jpg", "height": 400, "width": 620, "date_captured": "2021-12-03T13:37:20.034Z", "id": 227972950}, {"license": "None", "file_name": "a8.jpg", "url": "https://app.supervise.ly/h5un6l2bnaz1vj8a9qgms4-public/images/original/j/G/G6/FanLFklDS88iy37Tokz1v5hxTtgdxow23Ty1Zm6iSjJfJxvRP4kEgpJNlhMhbwJC3G9sK72hQsDIGeBRwxQUdt80qOyE5YifHpw2Qc9WKWkRsIV80fkm4pcFmbYt.jpg", "height": 1200, "width": 2000, "date_captured": "2021-12-03T13:37:20.034Z", "id": 227972951}, {"license": "None", "file_name": "a9.jpg", "url": "https://app.supervise.ly/h5un6l2bnaz1vj8a9qgms4-public/images/original/d/W/98/97Wh2MFcF1y2quxMyD30351LbPnVTdM7TIltFG4RJVgklKDl4mHhFoQ0Sg0PNy7nwvaVm7JTOPXqsd7rhZku24YZoJ4FSEQF0WUVeivbOPWlq7NWZTUFDp10RZRy.jpg", "height": 845, "width": 1400, "date_captured": "2021-12-03T13:37:20.034Z", "id": 227972952}, {"license": "None", "file_name": "b1.jpg", "url": "https://app.supervise.ly/h5un6l2bnaz1vj8a9qgms4-public/images/original/M/y/iX/QoI2L7Oe4xAzQ1t7qZdkqZuhTAjaNEfTXmGCJObo8o306Q6DucyOQxuDY8M6GRwEgOuWYIu7G1kMsJ2OVBHWen29dhLY0L0cfzTHD7daF5BkLCJouWNIZosAp6yZ.jpg", "height": 667, "width": 1000, "date_captured": "2021-12-03T13:37:20.034Z", "id": 227972953}, {"license": "None", "file_name": "b2.jpg", "url": "https://app.supervise.ly/h5un6l2bnaz1vj8a9qgms4-public/images/original/Y/p/X4/Giwvpz2fnV5eudU9lcTS9pAQQcswYo8YGZu6lOpgHA0k8A4NHdrLNABORwte2WBKDXKIIOOW7iEtyF9nAXqaGf4jIfZxQ9OuuEgRZxTgb9bWFbnOp28JDq9Mzs9w.jpg", "height": 635, "width": 847, "date_captured": "2021-12-03T13:37:20.034Z", "id": 227972954}, {"license": "None", "file_name": "b3.jpg", "url": "https://app.supervise.ly/h5un6l2bnaz1vj8a9qgms4-public/images/original/w/M/8p/2maHygMHmw1QBUiiMXdyxSI2vAY18uLFBjQh11uHu6HkBTpceWODFc2d6mMERdsc1eXqsSezRy9LiFmgFnbVpnL2plj6Zc0te1J3t9f4iAYM9Mc6qRBWq82WFZjD.jpg", "height": 675, "width": 1200, "date_captured": "2021-12-03T13:37:20.034Z", "id": 227972955}, {"license": "None", "file_name": "b4.jpg", "url": "https://app.supervise.ly/h5un6l2bnaz1vj8a9qgms4-public/images/original/A/z/4F/8QvkkXONqx8EqCUVGggHgJhcL8T33CsI9eyN4QwrhRlZGSIRpe4U1lfhjt5GMKRaO3iofYpyc9jIhw6xes6TPQoVMWQLGh8249hrz6o6DDO644Jb0uftrBO1eyM6.jpg", "height": 1920, "width": 1920, "date_captured": "2021-12-03T13:37:20.034Z", "id": 227972956}, {"license": "None", "file_name": "b5.jpg", "url": "https://app.supervise.ly/h5un6l2bnaz1vj8a9qgms4-public/images/original/C/6/js/Mnn2eN5bAsn0c5Psi1jcf05e7RiiPuUQM5DMVcosrVRPc3dZQaCWyIiIScFHhbOcl56mhX1Ip55veg0VqP6psQ3CGkniWVrmKkXxFe03Ue4ZinazUbbzVrdeeEF2.jpg", "height": 614, "width": 900, "date_captured": "2021-12-03T13:37:20.034Z", "id": 227972957}, {"license": "None", "file_name": "b6.jpg", "url": "https://app.supervise.ly/h5un6l2bnaz1vj8a9qgms4-public/images/original/j/z/S9/3oLSEpGpxJLrCFkIrt059OEATO5adnHC67wYmw6OBmJhbwXo5Vr14UE5kgXc71SZAe9y1J5vMOcj71LZtn3D4BxCD75OUIlDPryF0aL0kq8kw1N9QtTPOdWCJw0N.jpg", "height": 486, "width": 864, "date_captured": "2021-12-03T13:37:20.034Z", "id": 227972958}, {"license": "None", "file_name": "b7.jpg", "url": "https://app.supervise.ly/h5un6l2bnaz1vj8a9qgms4-public/images/original/x/R/Tw/obCwJzY54tHWMgFRozsI2GUqyVIKzJcs6460mw4mX7AjTsgSGKzPdq5yXBbfcKEfheuFY9uGGaGirTIfchnV1Ice6aCilJCQavIieG8gkH1e3pIp65FyYt31bBHl.jpg", "height": 486, "width": 864, "date_captured": "2021-12-03T13:37:20.034Z", "id": 227972959}, {"license": "None", "file_name": "b8.jpg", "url": "https://app.supervise.ly/h5un6l2bnaz1vj8a9qgms4-public/images/original/V/N/Hq/xMAg3T5IVLQvxHUInkpAteDy5P2VKXcV38pURZMqEI1vCtVQcLU23xqn04gLpO2exwTNYM8oKrTmazrSWTZf290it0hwOaXI9KMTIaCTJ1bhoSqw5eQNPtvU70BC.jpg", "height": 1440, "width": 1440, "date_captured": "2021-12-03T13:37:20.034Z", "id": 227972960}, {"license": "None", "file_name": "b9.jpg", "url": "https://app.supervise.ly/h5un6l2bnaz1vj8a9qgms4-public/images/original/0/t/uf/HKLtuKfJDGdrD2sTJveSfZYCMSiILrrLODzJq6a6jkpYGMKpDtlety9hbZkO3n6KE0I0gIweQaYYBid6V8r6PdklIb43QxuCbOBxQcU5IRJerOczyconbl1hM6vG.jpg", "height": 350, "width": 624, "date_captured": "2021-12-03T13:37:20.034Z", "id": 227972961}, {"license": "None", "file_name": "a10.jpg", "url": "https://app.supervise.ly/h5un6l2bnaz1vj8a9qgms4-public/images/original/g/J/nO/PhKhAlEuyY6lMqrHQzaVyVEKbxQLn7BBLDKR9HCM0pCLPLzTMZ0omeGqs8Ep2yQEyyhwrnNLDgDiBAxjt6d1niGzPHw4QYQQGPntrhJvicRNG0k7SbHDIpWoii3Y.jpg", "height": 1732, "width": 1600, "date_captured": "2021-12-03T13:37:20.034Z", "id": 227972962}, {"license": "None", "file_name": "a11.jpg", "url": "https://app.supervise.ly/h5un6l2bnaz1vj8a9qgms4-public/images/original/Y/z/fD/EzUnJeMMQ92WPc7FioJqeLzWkPPt7N3qiyvsSslGnuZebYfIyU96QP8zY0A8SRrhOiD4ZN5WfM82Hdo9d9BJyjAZ9ZjQarbzK5W181edstrgOv3OQHwBfe4IJusy.jpg", "height": 845, "width": 1400, "date_captured": "2021-12-03T13:37:20.034Z", "id": 227972963}, {"license": "None", "file_name": "a12.jpg", "url": "https://app.supervise.ly/h5un6l2bnaz1vj8a9qgms4-public/images/original/p/8/uI/HNOKHa2o2fmBulEBJb7L2UqrDF04n3u5QpnJpczmnVL1BUpiGFriR4GFrkqu3TXLF75jKRlN7Vvf3mjDD26z5p62hJooeOtcHkZHInp97lk4u5ncflcEu0xmTr8F.jpg", "height": 900, "width": 1200, "date_captured": "2021-12-03T13:37:20.034Z", "id": 227972964}, {"license": "None", "file_name": "a13.jpg", "url": "https://app.supervise.ly/h5un6l2bnaz1vj8a9qgms4-public/images/original/3/V/zU/yFfymdtciYQMGuBk8MQOgwUL15Pc6u2igjLs6GJLk2Cu1c0MlaZGgKqqACv9lEYwTdOZQxrrf0wL5foKHWbZSWgXcMWXMdVb2Ra2K0Q5RBMGYKPmkQuex8HvtQWr.jpg", "height": 620, "width": 750, "date_captured": "2021-12-03T13:37:20.034Z", "id": 227972965}, {"license": "None", "file_name": "a14.jpg", "url": "https://app.supervise.ly/h5un6l2bnaz1vj8a9qgms4-public/images/original/w/N/VQ/d4EkMxfTZT4EHdIlvQiSahPtSuv3FjekMvuE700NGVyuhcalCFQq1BRfzY2ZFNDcN102CXn5s8wrvuOi8GK3fbzqEVJM5RV5X3SIMmMVK6KSF4xf27ZpWEUB1kim.jpg", "height": 620, "width": 750, "date_captured": "2021-12-03T13:37:20.034Z", "id": 227972966}, {"license": "None", "file_name": "a15.jpg", "url": "https://app.supervise.ly/h5un6l2bnaz1vj8a9qgms4-public/images/original/F/B/OE/H1YFeSwmqbfV9mmyC3WhL7WSZPyVFauDOdHtHyStzlrm2DatzphONTrwAFAmgNChkAlIPF2B6AsdjN2yzrZxYOC0qxQddEAHd7YhZm5uUuRr5jo7BSJguM38KwVm.jpg", "height": 1067, "width": 1600, "date_captured": "2021-12-03T13:37:20.034Z", "id": 227972967}, {"license": "None", "file_name": "a16.jpg", "url": "https://app.supervise.ly/h5un6l2bnaz1vj8a9qgms4-public/images/original/z/I/SB/IzKG5KxiSqs1wWLLThu1j07ayFDo4u6rpYjSxYQrpM8INZh79SlQ9UACAN5wkQjTxtCG0y7k3jXdwbAHzyREw1IOhCr5wW8SS5wL6HMQQgkNWiQDld7fz3cxYzRh.jpg", "height": 366, "width": 460, "date_captured": "2021-12-03T13:37:20.034Z", "id": 227972968}, {"license": "None", "file_name": "a17.jpg", "url": "https://app.supervise.ly/h5un6l2bnaz1vj8a9qgms4-public/images/original/X/m/Do/SgaUwnC4guwIGHmfDiWDt3tgLW1UtKGFfPdsSCdYpC79dtIDRx2qEuZ2cV99WjHVLutUGdaMJCVzq4Yx4QDVdHsmjPeQo5oK5hHd4TajaGJbg5dK7ixP4qnYgexx.jpg", "height": 582, "width": 1020, "date_captured": "2021-12-03T13:37:20.034Z", "id": 227972969}, {"license": "None", "file_name": "a18.jpg", "url": "https://app.supervise.ly/h5un6l2bnaz1vj8a9qgms4-public/images/original/A/w/XM/vJuG0X0xMu5DThDEVWR8jZ2P9NzncIVUBrfVILbYp4y2BWEgseT7LuQwRXnSpX5CpPHTvvGBtX30CrWsGs3ckZ4JNhiPgrvLd6TUrvB4qQsE03xALAIxzXZJTPz3.jpg", "height": 2160, "width": 3840, "date_captured": "2021-12-03T13:37:20.034Z", "id": 227972970}, {"license": "None", "file_name": "a19.jpg", "url": "https://app.supervise.ly/h5un6l2bnaz1vj8a9qgms4-public/images/original/S/p/IG/ubPWT2z4WjqYHmQLFXekD4yRn0nSyXYtnHPqNz7i6RjIsXyLvgaqerBbYntPEmZNg6QdC877fBsL6woHcPeKzxqNz1jFHLUrTqJcpRMKS1wMY9pD3GqdRTepTRtU.jpg", "height": 702, "width": 941, "date_captured": "2021-12-03T13:37:20.034Z", "id": 227972971}, {"license": "None", "file_name": "a20.jpg", "url": "https://app.supervise.ly/h5un6l2bnaz1vj8a9qgms4-public/images/original/A/5/Ye/dZrRCrKORQkykS1e88QVhFowuiye65k4ojryVy0v4oFbHMyjD0pA5KkLOurclA0gBUxTGrVnMTabuVBg3tQ5Y2D1TfO65fX7ivuse5HLSmb7zC4JONJoz1OIXt5O.jpg", "height": 861, "width": 1294, "date_captured": "2021-12-03T13:37:20.034Z", "id": 227972972}, {"license": "None", "file_name": "a21.jpg", "url": "https://app.supervise.ly/h5un6l2bnaz1vj8a9qgms4-public/images/original/g/n/jY/8QmfwN6bk1oLx6G2ztaTOzLRi31wmHznM8VEBzOFGet8dB1XoSYz4sxldRI1GsxlJ091IM2lkLlZIw7p1rvZpQGAJL38WlpiCvFaG6Ir2od9OMwT52UydPkModtj.jpg", "height": 340, "width": 629, "date_captured": "2021-12-03T13:37:20.034Z", "id": 227972973}, {"license": "None", "file_name": "a22.jpg", "url": "https://app.supervise.ly/h5un6l2bnaz1vj8a9qgms4-public/images/original/w/j/Bv/LAZGhTvRkijfsntP4Fe8ljeHPFQaHl5TQfZPOxpjcvkkvI2FxxZsgsybSTYXvwhydQlVwhBJ4lNdSoq4JWaVqLD5crzfq5U2TKzTr6dcs8QdjqME6PdmfuBT9bV4.jpg", "height": 620, "width": 750, "date_captured": "2021-12-03T13:37:20.034Z", "id": 227972974}, {"license": "None", "file_name": "a23.jpg", "url": "https://app.supervise.ly/h5un6l2bnaz1vj8a9qgms4-public/images/original/O/I/zx/arvAhGcPF3D0TuVLp67DiSMnXjJx8h3UlUMAHHwrEk8PGa8MEr860PPL1CNI8vUkJY7AtQQ3nNkyWgNijwzYodvgDZlVBiK55owKKw9kwXtjKIscluZEtJdBG8cc.jpg", "height": 683, "width": 1024, "date_captured": "2021-12-03T13:37:20.034Z", "id": 227972975}, {"license": "None", "file_name": "a24.jpg", "url": "https://app.supervise.ly/h5un6l2bnaz1vj8a9qgms4-public/images/original/y/P/vC/Ey88arvo1l75edDbYdCdNwHsPOXnDiMYLbaZ7tK5JXDsHLYpmQNJwaV8dzN6tPRvoQwe7tr8lYvG8qVvFeMRBrMvwFOrO484U1u882HcxSUANjmuCDiktUWbCvm1.jpg", "height": 1001, "width": 1500, "date_captured": "2021-12-03T13:37:20.034Z", "id": 227972976}, {"license": "None", "file_name": "a25.jpg", "url": "https://app.supervise.ly/h5un6l2bnaz1vj8a9qgms4-public/images/original/k/h/SH/1tLkjJmpP6QC7lToskatNVPYEMgQFg3uCAAWwPRLuy6hsoNWwuZp2h9uM6aZoU5tfsv6IprtSe7rz6m4OIVf1yRdoZCYu9twyGbZcI19TJbJYtG8mVvTXiM5JFOM.jpg", "height": 853, "width": 1280, "date_captured": "2021-12-03T13:37:20.034Z", "id": 227972977}, {"license": "None", "file_name": "a26.jpg", "url": "https://app.supervise.ly/h5un6l2bnaz1vj8a9qgms4-public/images/original/u/L/WA/zRAz9yjQPKdJ9diXwNgRLd1kZQgarzZlKFPlG61fyejtfOTKAqoXPizQrOSwjoKUy6gZK8zer1qdkSJSg1H2YS0NhO4jDAOis59RxYKcPLhjvnFvkvk70vBoT4KO.jpg", "height": 683, "width": 1024, "date_captured": "2021-12-03T13:37:20.034Z", "id": 227972978}, {"license": "None", "file_name": "a27.jpg", "url": "https://app.supervise.ly/h5un6l2bnaz1vj8a9qgms4-public/images/original/4/f/V6/KtGnljGX4BkgQ8rlIK3K3NwWrezb9Q9IMhQrpCfoQ8snyKkZ7UupEpolfmtp9MeViPyYzN3sPChcSWg8sQz9wlEIN9WMtgtfdhq2qbTZsYe0NNxHHZfxMdWt8Ls9.jpg", "height": 316, "width": 512, "date_captured": "2021-12-03T13:37:20.034Z", "id": 227972979}, {"license": "None", "file_name": "a28.jpg", "url": "https://app.supervise.ly/h5un6l2bnaz1vj8a9qgms4-public/images/original/i/s/kN/DNa33EpKpZG0oIOGmZYHv2PAIUN2Nhfe9s4Z9ehxf1aSGJJDRCrR87lSpKElFnrALHxgAUVlRtNsDcUhBarphznK2F5liUK7hvjOuLjTuaFa2OTiMqDndyPJXIk7.jpg", "height": 341, "width": 512, "date_captured": "2021-12-03T13:37:20.034Z", "id": 227972980}, {"license": "None", "file_name": "a29.jpg", "url": "https://app.supervise.ly/h5un6l2bnaz1vj8a9qgms4-public/images/original/j/3/c2/9DWxG2ebVMDu70bz7eQr5wVsPmkAOTqB8NLQnNqjR145NiLLCSLufiYO17mspAWH4hTkYTtmAzRDCiavfPGAaKmsdg5ZoBkQoJlRrBKWzLGVho1Mmkafur5f42YP.jpg", "height": 333, "width": 500, "date_captured": "2021-12-03T13:37:20.034Z", "id": 227972981}, {"license": "None", "file_name": "a30.jpg", "url": "https://app.supervise.ly/h5un6l2bnaz1vj8a9qgms4-public/images/original/7/Q/Us/sehIrtULnltv8kQmHIHKQGLrCVNTP20GI5d1r7WSidcPKDSTiGKSZYvhytnDORqkx9zR9M1tX9D5JfWIIfr2faTmNsKgrmZwF0tQYU3JDXHmYReXT2edMjU1jFm5.jpg", "height": 667, "width": 1000, "date_captured": "2021-12-03T13:37:20.034Z", "id": 227972982}, {"license": "None", "file_name": "b10.jpg", "url": "https://app.supervise.ly/h5un6l2bnaz1vj8a9qgms4-public/images/original/G/x/hy/MzoQG4LcKtPJiPIYFAM1Qs7uDcwuOp7I6qxfstubvgePw3sQSE21gvNrTUi7U84ncbenZlyifdNd4xRDwlRdKPSM13XLdfAteR52TSxw43a1DihYt1rAhp9nqIn4.jpg", "height": 800, "width": 1200, "date_captured": "2021-12-03T13:37:20.034Z", "id": 227972983}, {"license": "None", "file_name": "b11.jpg", "url": "https://app.supervise.ly/h5un6l2bnaz1vj8a9qgms4-public/images/original/H/m/9u/TwszWYqWs3YVeIbVjqNGGyx82kKW8l3t8H8lIE1Dk50Z8wzzDLvl5gW222W1IEJmpuCISE1BbZePrSvljumuRkueJ1o4ZFdFgMv0eiDQ6fuwOcJq5h5H1I9HK1tX.jpg", "height": 800, "width": 800, "date_captured": "2021-12-03T13:37:20.034Z", "id": 227972984}, {"license": "None", "file_name": "b12.jpg", "url": "https://app.supervise.ly/h5un6l2bnaz1vj8a9qgms4-public/images/original/F/s/a3/YsjHPwZUmsrNt8wGpQebsAsNeI5hZbXTSnu0hh95xnnQ3jNHherPxaoNpn6liUCAHcQO3VQWzN5RsI3KK3MFYjowjppOAUhgp58hM4VDGGb2bZgVK9zT7HN2y75u.jpg", "height": 1080, "width": 1920, "date_captured": "2021-12-03T13:37:20.034Z", "id": 227972985}, {"license": "None", "file_name": "b13.jpg", "url": "https://app.supervise.ly/h5un6l2bnaz1vj8a9qgms4-public/images/original/S/u/lb/ccv7QvTds2DQIwk8X6f6DnpM5hdV0TjaMy1MBS1QE4CotzQGGbORz2XxPhuUNEPYfxX93kWP5DWHE4NHAMbFDiz36G0rgkKSqAeEJzw2Xf6N59H9LlauRqE47GXv.jpg", "height": 800, "width": 1200, "date_captured": "2021-12-03T13:37:20.034Z", "id": 227972986}, {"license": "None", "file_name": "b14.jpg", "url": "https://app.supervise.ly/h5un6l2bnaz1vj8a9qgms4-public/images/original/z/I/gB/18bUx83hm2isnR33opNP8uXg1wNTReqVBgeljlzFGviWJxtFBrZv3ugxZBaUOfStSQXFLmTkiRCctnGDywqnjtBh3nkHNV27S4lxC1Ri9ZS4Q95D2SQRvoE09kVV.jpg", "height": 675, "width": 1200, "date_captured": "2021-12-03T13:37:20.034Z", "id": 227972987}, {"license": "None", "file_name": "b15.jpg", "url": "https://app.supervise.ly/h5un6l2bnaz1vj8a9qgms4-public/images/original/O/l/lm/V4fbS4ziKdvn1vWdK4mxJcDWnpWKrLyLQYRKNIf3tCxTqw5GBVoiaUiMWbJbEMrVrMyMD5J9XlDLOSYuJ1gJYWASMeDyJfxUmLD008VQhnZzsPOdzhn74iCRTf8E.jpg", "height": 1440, "width": 2560, "date_captured": "2021-12-03T13:37:20.034Z", "id": 227972988}, {"license": "None", "file_name": "b16.jpg", "url": "https://app.supervise.ly/h5un6l2bnaz1vj8a9qgms4-public/images/original/d/X/fU/PxZY2arWuWJXrcXy024KBGnORItlzYEZzyJ50THvWpc65xQHMalADQ8gVsAFazVhwNoxZ9rn1DmEoHcb3qw6jxoUQ4fBAYh44Z2MO5eIpHaX4j5PVdtflvW3TBMk.jpg", "height": 1050, "width": 1400, "date_captured": "2021-12-03T13:37:20.034Z", "id": 227972989}, {"license": "None", "file_name": "b17.jpg", "url": "https://app.supervise.ly/h5un6l2bnaz1vj8a9qgms4-public/images/original/5/O/K9/B0BftCs60ZNPezujHdpIhXix342wwqBFSuYD71FYdeDBc0UNmXTygt5nm17opTfqejGG8MoQkKwqsSbdWX2W7QnxkoyMGGspPQuyYQMLEAy3pY8owa8Wx6xt1w3a.jpg", "height": 432, "width": 768, "date_captured": "2021-12-03T13:37:20.034Z", "id": 227972990}, {"license": "None", "file_name": "b19.jpg", "url": "https://app.supervise.ly/h5un6l2bnaz1vj8a9qgms4-public/images/original/O/Y/UT/opvdB2xjConoNZ3s2RUgycYcmfmL1UCCt5F6JZOCWg2aCkZNyDLrvsZssfbQY2qqbCBQshI6025FQ0oxZYijdL7EPd4vwbSaaqON0YOFOfsjkhlKp4iIeVNybjdj.jpg", "height": 415, "width": 900, "date_captured": "2021-12-03T13:37:20.034Z", "id": 227972991}, {"license": "None", "file_name": "b20.jpg", "url": "https://app.supervise.ly/h5un6l2bnaz1vj8a9qgms4-public/images/original/V/q/kk/FByXJh5s5SoxtjwlKsyuGGejvrBsY9xm0RtDYLnniV7E92s2U7V55qL581e3DF3sTlJTAx5j2zwmaPPxtI8fqo0xffu8jvj2ETfxfiM5ghCz4GnYsyhj73AnTmaU.jpg", "height": 398, "width": 712, "date_captured": "2021-12-03T13:37:20.034Z", "id": 227972992}, {"license": "None", "file_name": "b21.png", "url": "https://app.supervise.ly/h5un6l2bnaz1vj8a9qgms4-public/images/original/T/T/SO/SEsITm4dNlv8jrblRg9kliJuboTGu1dZW56eUlyxKAIrvFdtlLBzpP0PwoTaK2SF30RErA5Faks2gbAwBMM8LQPT72Av3XEumqZpTqn6DN0ojdkOVJA8j0Lp46HS.png", "height": 552, "width": 776, "date_captured": "2021-12-03T13:37:20.034Z", "id": 227972993}, {"license": "None", "file_name": "b22.jpg", "url": "https://app.supervise.ly/h5un6l2bnaz1vj8a9qgms4-public/images/original/Z/M/qU/tiqBI6ABSCVIASZOEx4bNVYYkS9TxR6gpc1jbgjlFbVHnxGoLsAjqkJ2mjx1MbzvF9CZKQVqlthyadiXr4sNOgxIC3RIJoIaOuYug7Gamtmg2OK9ulMVLdjj8hA8.jpg", "height": 417, "width": 626, "date_captured": "2021-12-03T13:37:20.118Z", "id": 227972995}, {"license": "None", "file_name": "b23.jpg", "url": "https://app.supervise.ly/h5un6l2bnaz1vj8a9qgms4-public/images/original/J/V/wI/GJHiqAWVi36VKZSHcanmxo2KrwbmuaPb3uCjPIFq00iNTgSSzsoyFmzybEm4tpVEr3QgSg4cJBzONSgEBbjXOMerTVBZtCVlnzqrSMAIJgHWvP1eeTXN4zqV9gPz.jpg", "height": 667, "width": 1000, "date_captured": "2021-12-03T13:37:20.118Z", "id": 227972996}, {"license": "None", "file_name": "b24.jpg", "url": "https://app.supervise.ly/h5un6l2bnaz1vj8a9qgms4-public/images/original/W/M/4I/EBsxVZB6wyhBxF6e7z0ICwBP2FsQnil8vZBYzPPRJ2ViBRrnNOBniu5b6K2LCSICGxlC9FwI1sqYitFOYgP1C1I58T8AiRUwXaYF8WSXFQnPaGnq4xip9KnhyqfC.jpg", "height": 584, "width": 880, "date_captured": "2021-12-03T13:37:20.118Z", "id": 227972997}, {"license": "None", "file_name": "b25.jpg", "url": "https://app.supervise.ly/h5un6l2bnaz1vj8a9qgms4-public/images/original/8/S/c4/vHEirv3r2IGCVG3blNyjaG3ErpYUhEZH2MLZ1RpsvFX1BgYg5HAnYSUtIM1kYFnTVcU7qm7ifFG8aehgF4sqkPPnPeNWZE75L5jzituy0GfEddV6DfSXFhErFFpd.jpg", "height": 408, "width": 626, "date_captured": "2021-12-03T13:37:20.118Z", "id": 227972998}, {"license": "None", "file_name": "b26.jpg", "url": "https://app.supervise.ly/h5un6l2bnaz1vj8a9qgms4-public/images/original/Z/f/DI/mpbsncNWtyausasTf2DvL9SJ5S514BwAeiQt5Kp2Tmi3zugGTDOG3lehmdIU0VcaM1dl6moSZ8HGBmbaLTAbAIVXV1XWxcBdgv9aaLMpLppW1lWTWxRxd7tfKEdb.jpg", "height": 720, "width": 1280, "date_captured": "2021-12-03T13:37:20.118Z", "id": 227972999}, {"license": "None", "file_name": "b27.jpg", "url": "https://app.supervise.ly/h5un6l2bnaz1vj8a9qgms4-public/images/original/M/O/Cf/7pravzYAV3zyvj5Jdp3UAPqjceQk9ztNUFXg6jsho1dInFIDsOMnXDVgtsAT7PdPQyzf9UqBylUB8TjWtdc1fcPoq6iPJ6eGxEan4rpNF1ORvjd27gSDOnz3FJUP.jpg", "height": 400, "width": 600, "date_captured": "2021-12-03T13:37:20.118Z", "id": 227973000}, {"license": "None", "file_name": "b28.jpg", "url": "https://app.supervise.ly/h5un6l2bnaz1vj8a9qgms4-public/images/original/a/D/py/BTF3nB1gG7DGU2GWOeinGKlAapphWL7A7XqEPpehDvGBwRHpARp31QV24hh97PM1YcnK20XbfBPWFSn8ODi7eKiGlC0L1W76OxS0mOKHvSjKKQel1Y12HsYiAV1z.jpg", "height": 512, "width": 910, "date_captured": "2021-12-03T13:37:20.118Z", "id": 227973001}, {"license": "None", "file_name": "b29.jpg", "url": "https://app.supervise.ly/h5un6l2bnaz1vj8a9qgms4-public/images/original/Y/K/A2/B9Gzuo5pnQSFbC9w7h8UPJto6rEsbN513JEnr8qtKcE0jDxbHsH2ltk1Mv0IxYehXKdXhHaFmIvOTltJMo3cFkK2VEqVq99KPnY4ldroJII6yjlWdxDdFqTFmXua.jpg", "height": 700, "width": 450, "date_captured": "2021-12-03T13:37:20.118Z", "id": 227973002}, {"license": "None", "file_name": "b30.jpg", "url": "https://app.supervise.ly/h5un6l2bnaz1vj8a9qgms4-public/images/original/9/C/04/n78nLsgZzw2IGr7kjVF0UMOMh7GCqMGFbwtaqwmZP0Q48T9MkVBONUq4OHoYwIAYM155jFwfqPXlw4CHIJvXiY5pXSAvnBTXAcwWNYxAFtQLfuB1etlGduzG9f2Y.jpg", "height": 464, "width": 700, "date_captured": "2021-12-03T13:37:20.118Z", "id": 227973003}, {"license": "None", "file_name": "b18.jpeg", "url": "https://app.supervise.ly/h5un6l2bnaz1vj8a9qgms4-public/images/original/G/3/qZ/QHTEWdwQYAoSEP8xPG6teU8NmYcpCUMqAAdgQHjhdWxfIa1JespZadgwMP6edq9Q7wF9cFn6xzqlSzosMKbl0cWBKUUsaMo9ml0t77ZGo7AlrS50QAySk45wGOic.jpg", "height": 2003, "width": 3005, "date_captured": "2021-12-03T13:37:20.118Z", "id": 227973004}], "annotations": [{"segmentation": [[233.0, 31.0, 265.0, 19.0, 303.0, 16.0, 341.0, 17.0, 387.0, 27.0, 419.0, 46.0, 454.0, 74.0, 487.0, 105.0, 503.0, 123.0, 517.0, 143.0, 515.0, 186.0, 514.0, 218.0, 504.0, 246.0, 496.0, 274.0, 481.0, 304.0, 473.0, 331.0, 438.0, 359.0, 399.0, 383.0, 374.0, 396.0, 350.0, 399.0, 317.0, 399.0, 282.0, 397.0, 264.0, 395.0, 247.0, 386.0, 230.0, 385.0, 218.0, 387.0, 188.0, 375.0, 174.0, 361.0, 162.0, 344.0, 139.0, 307.0, 120.0, 263.0, 115.0, 231.0, 109.0, 196.0, 111.0, 171.0, 118.0, 139.0, 138.0, 113.0, 159.0, 88.0, 177.0, 67.0]], "area": 122673.0, "iscrowd": 0, "image_id": 227972944, "bbox": [109.0, 16.0, 408.0, 383.0], "category_id": 1, "id": 13}, {"segmentation": [[173.0, 42.0, 203.0, 26.0, 236.0, 18.0, 266.0, 19.0, 298.0, 26.0, 325.0, 41.0, 342.0, 56.0, 362.0, 79.0, 377.0, 101.0, 384.0, 120.0, 385.0, 142.0, 388.0, 155.0, 381.0, 180.0, 377.0, 201.0, 368.0, 219.0, 364.0, 236.0, 354.0, 254.0, 344.0, 268.0, 331.0, 282.0, 311.0, 288.0, 295.0, 299.0, 252.0, 299.0, 229.0, 300.0, 213.0, 304.0, 197.0, 305.0, 175.0, 298.0, 166.0, 291.0, 134.0, 237.0, 117.0, 191.0, 107.0, 154.0, 111.0, 115.0, 129.0, 85.0, 146.0, 62.0]], "area": 62518.0, "iscrowd": 0, "image_id": 227972945, "bbox": [107.0, 18.0, 281.0, 287.0], "category_id": 1, "id": 14}, {"segmentation": [[221.0, 362.0, 276.0, 348.0, 341.0, 360.0, 384.0, 376.0, 412.0, 401.0, 437.0, 437.0, 447.0, 474.0, 443.0, 539.0, 433.0, 575.0, 415.0, 605.0, 367.0, 631.0, 333.0, 642.0, 301.0, 653.0, 277.0, 659.0, 246.0, 653.0, 214.0, 642.0, 194.0, 614.0, 166.0, 579.0, 140.0, 534.0, 128.0, 496.0, 125.0, 462.0, 143.0, 417.0, 184.0, 386.0]], "area": 75911.5, "iscrowd": 0, "image_id": 227972946, "bbox": [125.0, 348.0, 322.0, 311.0], "category_id": 1, "id": 15}, {"segmentation": [[621.0, 146.0, 686.0, 116.0, 766.0, 100.0, 815.0, 99.0, 863.0, 110.0, 894.0, 128.0, 924.0, 139.0, 967.0, 159.0, 995.0, 182.0, 1018.0, 209.0, 1037.0, 253.0, 1044.0, 291.0, 1042.0, 341.0, 1034.0, 376.0, 1020.0, 401.0, 1001.0, 421.0, 983.0, 432.0, 972.0, 448.0, 957.0, 457.0, 942.0, 464.0, 919.0, 432.0, 883.0, 467.0, 859.0, 495.0, 833.0, 509.0, 833.0, 525.0, 821.0, 551.0, 817.0, 564.0, 802.0, 571.0, 811.0, 591.0, 832.0, 605.0, 819.0, 614.0, 794.0, 610.0, 774.0, 585.0, 764.0, 560.0, 760.0, 529.0, 759.0, 512.0, 742.0, 481.0, 723.0, 488.0, 695.0, 495.0, 670.0, 499.0, 664.0, 519.0, 659.0, 547.0, 659.0, 559.0, 652.0, 560.0, 640.0, 549.0, 633.0, 521.0, 630.0, 492.0, 613.0, 468.0, 579.0, 488.0, 563.0, 508.0, 538.0, 500.0, 526.0, 519.0, 503.0, 550.0, 471.0, 543.0, 466.0, 515.0, 461.0, 480.0, 463.0, 443.0, 472.0, 396.0, 479.0, 355.0, 488.0, 318.0, 509.0, 299.0, 527.0, 294.0, 536.0, 308.0, 546.0, 273.0, 560.0, 229.0, 585.0, 189.0]], "area": 189180.5, "iscrowd": 0, "image_id": 227972946, "bbox": [461.0, 99.0, 583.0, 515.0], "category_id": 1, "id": 16}, {"segmentation": [[122.0, 23.0, 157.0, 20.0, 193.0, 25.0, 223.0, 34.0, 246.0, 50.0, 257.0, 70.0, 272.0, 101.0, 281.0, 122.0, 285.0, 149.0, 287.0, 173.0, 283.0, 191.0, 270.0, 215.0, 254.0, 237.0, 227.0, 253.0, 200.0, 265.0, 168.0, 270.0, 139.0, 267.0, 112.0, 264.0, 83.0, 250.0, 61.0, 229.0, 40.0, 207.0, 28.0, 184.0, 16.0, 152.0, 15.0, 122.0, 22.0, 98.0, 34.0, 73.0, 51.0, 54.0, 80.0, 40.0]], "area": 53120.0, "iscrowd": 0, "image_id": 227972947, "bbox": [15.0, 20.0, 272.0, 250.0], "category_id": 1, "id": 17}, {"segmentation": [[404.0, 78.0, 432.0, 62.0, 465.0, 50.0, 509.0, 51.0, 532.0, 56.0, 557.0, 67.0, 579.0, 78.0, 599.0, 92.0, 610.0, 106.0, 623.0, 121.0, 623.0, 295.0, 604.0, 315.0, 580.0, 335.0, 562.0, 346.0, 539.0, 353.0, 515.0, 348.0, 501.0, 353.0, 471.0, 355.0, 446.0, 354.0, 424.0, 352.0, 405.0, 345.0, 385.0, 328.0, 367.0, 312.0, 352.0, 294.0, 341.0, 273.0, 333.0, 248.0, 329.0, 221.0, 325.0, 202.0, 325.0, 181.0, 332.0, 160.0, 339.0, 142.0, 357.0, 121.0, 372.0, 100.0]], "area": 75192.5, "iscrowd": 0, "image_id": 227972947, "bbox": [325.0, 50.0, 298.0, 305.0], "category_id": 1, "id": 18}, {"segmentation": [[541.0, 72.0, 698.0, 99.0, 770.0, 121.0, 827.0, 147.0, 891.0, 178.0, 931.0, 199.0, 951.0, 209.0, 962.0, 187.0, 970.0, 150.0, 975.0, 128.0, 974.0, 99.0, 1002.0, 86.0, 1019.0, 103.0, 1032.0, 155.0, 1030.0, 187.0, 1019.0, 222.0, 1014.0, 240.0, 1042.0, 274.0, 1063.0, 306.0, 1087.0, 340.0, 1103.0, 380.0, 1126.0, 432.0, 1131.0, 469.0, 1138.0, 504.0, 1149.0, 536.0, 1162.0, 560.0, 1163.0, 582.0, 1143.0, 596.0, 1106.0, 602.0, 1082.0, 606.0, 1044.0, 583.0, 985.0, 568.0, 927.0, 559.0, 886.0, 579.0, 865.0, 610.0, 857.0, 670.0, 888.0, 705.0, 855.0, 724.0, 814.0, 732.0, 805.0, 746.0, 772.0, 759.0, 744.0, 764.0, 713.0, 771.0, 695.0, 735.0, 676.0, 712.0, 658.0, 703.0, 442.0, 708.0, 442.0, 733.0, 444.0, 751.0, 420.0, 784.0, 375.0, 792.0, 359.0, 768.0, 262.0, 683.0, 230.0, 663.0, 178.0, 657.0, 149.0, 573.0, 156.0, 480.0, 172.0, 413.0, 184.0, 351.0, 220.0, 290.0, 271.0, 219.0, 322.0, 164.0, 363.0, 129.0, 426.0, 94.0, 466.0, 84.0]], "area": 504093.5, "iscrowd": 0, "image_id": 227972948, "bbox": [149.0, 72.0, 1014.0, 720.0], "category_id": 1, "id": 19}, {"segmentation": [[274.0, 126.0, 284.0, 110.0, 302.0, 94.0, 321.0, 83.0, 346.0, 73.0, 374.0, 70.0, 400.0, 72.0, 423.0, 74.0, 445.0, 83.0, 466.0, 100.0, 481.0, 127.0, 482.0, 145.0, 481.0, 159.0, 476.0, 168.0, 449.0, 170.0, 432.0, 167.0, 441.0, 178.0, 432.0, 191.0, 420.0, 203.0, 417.0, 210.0, 417.0, 228.0, 407.0, 232.0, 395.0, 225.0, 399.0, 216.0, 394.0, 212.0, 398.0, 201.0, 381.0, 185.0, 371.0, 187.0, 358.0, 192.0, 346.0, 210.0, 346.0, 220.0, 346.0, 240.0, 333.0, 243.0, 325.0, 251.0, 321.0, 250.0, 322.0, 240.0, 326.0, 225.0, 328.0, 213.0, 334.0, 194.0, 322.0, 195.0, 308.0, 198.0, 300.0, 197.0, 305.0, 213.0, 298.0, 220.0, 287.0, 220.0, 281.0, 209.0, 279.0, 196.0, 265.0, 207.0, 254.0, 219.0, 243.0, 220.0, 241.0, 212.0, 241.0, 190.0, 241.0, 169.0, 242.0, 155.0, 248.0, 142.0, 258.0, 131.0]], "area": 26335.0, "iscrowd": 0, "image_id": 227972949, "bbox": [241.0, 70.0, 241.0, 181.0], "category_id": 1, "id": 20}, {"segmentation": [[118.0, 100.0, 139.0, 98.0, 167.0, 100.0, 181.0, 113.0, 192.0, 133.0, 200.0, 154.0, 202.0, 175.0, 203.0, 194.0, 194.0, 217.0, 180.0, 231.0, 168.0, 239.0, 139.0, 242.0, 118.0, 243.0, 92.0, 240.0, 74.0, 235.0, 62.0, 227.0, 53.0, 209.0, 50.0, 192.0, 51.0, 169.0, 55.0, 147.0, 62.0, 128.0, 78.0, 113.0, 98.0, 104.0]], "area": 18492.5, "iscrowd": 0, "image_id": 227972949, "bbox": [50.0, 98.0, 153.0, 145.0], "category_id": 1, "id": 21}, {"segmentation": [[72.0, 36.0, 102.0, 26.0, 138.0, 23.0, 164.0, 28.0, 185.0, 35.0, 204.0, 50.0, 220.0, 65.0, 229.0, 64.0, 241.0, 78.0, 250.0, 96.0, 256.0, 112.0, 259.0, 128.0, 259.0, 140.0, 249.0, 146.0, 221.0, 128.0, 209.0, 131.0, 238.0, 152.0, 236.0, 160.0, 216.0, 155.0, 196.0, 141.0, 168.0, 122.0, 165.0, 130.0, 164.0, 148.0, 164.0, 159.0, 149.0, 158.0, 146.0, 135.0, 121.0, 137.0, 121.0, 150.0, 106.0, 154.0, 97.0, 151.0, 93.0, 140.0, 62.0, 150.0, 44.0, 148.0, 33.0, 139.0, 30.0, 119.0, 30.0, 92.0, 39.0, 67.0, 53.0, 50.0]], "area": 22516.5, "iscrowd": 0, "image_id": 227972950, "bbox": [30.0, 23.0, 229.0, 137.0], "category_id": 1, "id": 22}, {"segmentation": [[390.0, 43.0, 409.0, 27.0, 433.0, 17.0, 464.0, 13.0, 490.0, 16.0, 510.0, 28.0, 523.0, 40.0, 531.0, 54.0, 536.0, 63.0, 546.0, 62.0, 553.0, 68.0, 556.0, 78.0, 558.0, 90.0, 562.0, 108.0, 564.0, 124.0, 563.0, 141.0, 557.0, 150.0, 552.0, 157.0, 543.0, 153.0, 538.0, 144.0, 529.0, 134.0, 518.0, 122.0, 509.0, 117.0, 503.0, 126.0, 495.0, 131.0, 494.0, 145.0, 500.0, 161.0, 476.0, 162.0, 458.0, 161.0, 438.0, 153.0, 429.0, 149.0, 417.0, 155.0, 405.0, 162.0, 390.0, 150.0, 396.0, 138.0, 385.0, 127.0, 373.0, 113.0, 373.0, 87.0, 378.0, 61.0]], "area": 21329.0, "iscrowd": 0, "image_id": 227972950, "bbox": [373.0, 13.0, 191.0, 149.0], "category_id": 1, "id": 23}, {"segmentation": [[104.0, 221.0, 120.0, 211.0, 150.0, 211.0, 171.0, 219.0, 190.0, 235.0, 200.0, 242.0, 207.0, 238.0, 213.0, 255.0, 213.0, 267.0, 217.0, 283.0, 217.0, 303.0, 216.0, 319.0, 210.0, 333.0, 216.0, 340.0, 218.0, 348.0, 202.0, 352.0, 193.0, 357.0, 188.0, 367.0, 174.0, 376.0, 156.0, 378.0, 138.0, 377.0, 126.0, 370.0, 113.0, 359.0, 101.0, 356.0, 84.0, 354.0, 71.0, 351.0, 65.0, 335.0, 59.0, 319.0, 55.0, 299.0, 56.0, 275.0, 62.0, 259.0, 71.0, 243.0, 92.0, 226.0]], "area": 21314.0, "iscrowd": 0, "image_id": 227972950, "bbox": [55.0, 211.0, 163.0, 167.0], "category_id": 1, "id": 24}, {"segmentation": [[450.0, 211.0, 489.0, 215.0, 510.0, 227.0, 526.0, 243.0, 537.0, 260.0, 543.0, 273.0, 546.0, 295.0, 540.0, 316.0, 534.0, 330.0, 529.0, 343.0, 527.0, 353.0, 515.0, 365.0, 501.0, 371.0, 486.0, 377.0, 471.0, 379.0, 456.0, 380.0, 437.0, 383.0, 425.0, 383.0, 412.0, 380.0, 403.0, 365.0, 393.0, 348.0, 384.0, 334.0, 381.0, 314.0, 374.0, 293.0, 376.0, 274.0, 387.0, 254.0, 400.0, 237.0, 417.0, 223.0, 428.0, 218.0]], "area": 22826.5, "iscrowd": 0, "image_id": 227972950, "bbox": [374.0, 211.0, 172.0, 172.0], "category_id": 1, "id": 25}, {"segmentation": [[1311.0, 109.0, 1427.0, 112.0, 1541.0, 152.0, 1624.0, 205.0, 1670.0, 255.0, 1717.0, 348.0, 1723.0, 438.0, 1722.0, 486.0, 1710.0, 527.0, 1649.0, 542.0, 1627.0, 580.0, 1625.0, 632.0, 1654.0, 673.0, 1666.0, 699.0, 1598.0, 795.0, 1539.0, 849.0, 1502.0, 891.0, 1422.0, 918.0, 1381.0, 920.0, 1330.0, 894.0, 1279.0, 864.0, 1237.0, 863.0, 1201.0, 878.0, 1196.0, 905.0, 1157.0, 893.0, 1120.0, 872.0, 1088.0, 832.0, 1084.0, 789.0, 1064.0, 757.0, 1064.0, 732.0, 1053.0, 696.0, 1032.0, 634.0, 1023.0, 577.0, 1028.0, 518.0, 1031.0, 447.0, 1050.0, 380.0, 1064.0, 324.0, 1082.0, 271.0, 1105.0, 231.0, 1132.0, 188.0, 1157.0, 142.0, 1178.0, 113.0, 1211.0, 100.0, 1264.0, 109.0]], "area": 446641.0, "iscrowd": 0, "image_id": 227972951, "bbox": [1023.0, 100.0, 700.0, 820.0], "category_id": 1, "id": 26}, {"segmentation": [[393.0, 0.0, 626.0, 0.0, 671.0, 42.0, 766.0, 82.0, 837.0, 124.0, 910.0, 187.0, 944.0, 228.0, 984.0, 289.0, 1011.0, 357.0, 1011.0, 422.0, 1010.0, 504.0, 1007.0, 595.0, 989.0, 687.0, 965.0, 754.0, 919.0, 808.0, 883.0, 860.0, 834.0, 911.0, 758.0, 936.0, 728.0, 938.0, 719.0, 911.0, 683.0, 902.0, 635.0, 903.0, 602.0, 929.0, 572.0, 951.0, 519.0, 962.0, 476.0, 963.0, 414.0, 941.0, 373.0, 911.0, 318.0, 861.0, 271.0, 817.0, 242.0, 766.0, 223.0, 718.0, 211.0, 673.0, 197.0, 614.0, 176.0, 572.0, 173.0, 518.0, 170.0, 474.0, 163.0, 419.0, 169.0, 375.0, 179.0, 330.0, 208.0, 270.0, 238.0, 225.0, 272.0, 169.0, 301.0, 136.0, 351.0, 103.0, 337.0, 73.0, 348.0, 33.0]], "area": 640786.0, "iscrowd": 0, "image_id": 227972951, "bbox": [163.0, 0.0, 848.0, 963.0], "category_id": 1, "id": 27}, {"segmentation": [[690.0, 55.0, 792.0, 62.0, 880.0, 95.0, 936.0, 134.0, 981.0, 179.0, 1010.0, 231.0, 1031.0, 278.0, 1047.0, 325.0, 1054.0, 370.0, 1051.0, 427.0, 1034.0, 466.0, 1019.0, 502.0, 991.0, 558.0, 969.0, 608.0, 932.0, 654.0, 902.0, 684.0, 865.0, 714.0, 822.0, 747.0, 786.0, 777.0, 730.0, 793.0, 663.0, 792.0, 604.0, 776.0, 548.0, 757.0, 452.0, 719.0, 412.0, 677.0, 386.0, 617.0, 371.0, 566.0, 373.0, 507.0, 375.0, 451.0, 376.0, 394.0, 382.0, 345.0, 400.0, 309.0, 414.0, 285.0, 410.0, 252.0, 448.0, 202.0, 484.0, 160.0, 523.0, 121.0, 578.0, 89.0, 636.0, 68.0]], "area": 389749.0, "iscrowd": 0, "image_id": 227972952, "bbox": [371.0, 55.0, 683.0, 738.0], "category_id": 1, "id": 28}, {"segmentation": [[760.0, 92.0, 805.0, 105.0, 843.0, 130.0, 866.0, 145.0, 903.0, 186.0, 929.0, 233.0, 946.0, 295.0, 942.0, 350.0, 923.0, 414.0, 901.0, 449.0, 864.0, 488.0, 837.0, 510.0, 797.0, 531.0, 744.0, 545.0, 687.0, 548.0, 628.0, 534.0, 576.0, 508.0, 545.0, 482.0, 520.0, 441.0, 497.0, 400.0, 504.0, 362.0, 504.0, 331.0, 505.0, 300.0, 521.0, 272.0, 541.0, 251.0, 584.0, 217.0]], "area": 146737.0, "iscrowd": 0, "image_id": 227972953, "bbox": [497.0, 92.0, 449.0, 456.0], "category_id": 2, "id": 29}, {"segmentation": [[432.0, 212.0, 443.0, 177.0, 481.0, 135.0, 521.0, 117.0, 559.0, 107.0, 603.0, 114.0, 638.0, 126.0, 672.0, 157.0, 691.0, 179.0, 700.0, 201.0, 706.0, 232.0, 704.0, 265.0, 698.0, 297.0, 678.0, 331.0, 662.0, 341.0, 639.0, 366.0, 607.0, 377.0, 573.0, 384.0, 538.0, 383.0, 507.0, 371.0, 473.0, 349.0, 441.0, 305.0, 428.0, 271.0, 424.0, 242.0]], "area": 60124.5, "iscrowd": 0, "image_id": 227972954, "bbox": [424.0, 107.0, 282.0, 277.0], "category_id": 2, "id": 30}, {"segmentation": [[728.0, 209.0, 788.0, 181.0, 831.0, 177.0, 877.0, 185.0, 917.0, 203.0, 947.0, 229.0, 968.0, 256.0, 980.0, 294.0, 988.0, 338.0, 983.0, 376.0, 971.0, 405.0, 953.0, 438.0, 913.0, 472.0, 873.0, 490.0, 831.0, 500.0, 785.0, 492.0, 748.0, 477.0, 718.0, 456.0, 696.0, 432.0, 676.0, 395.0, 665.0, 365.0, 665.0, 324.0, 671.0, 284.0, 693.0, 244.0]], "area": 80800.5, "iscrowd": 0, "image_id": 227972955, "bbox": [665.0, 177.0, 323.0, 323.0], "category_id": 2, "id": 31}, {"segmentation": [[733.0, 228.0, 778.0, 137.0, 850.0, 80.0, 926.0, 54.0, 1000.0, 47.0, 1068.0, 69.0, 1124.0, 95.0, 1161.0, 139.0, 1194.0, 184.0, 1213.0, 228.0, 1224.0, 289.0, 1213.0, 372.0, 1190.0, 432.0, 1146.0, 474.0, 1100.0, 511.0, 1044.0, 537.0, 974.0, 550.0, 883.0, 537.0, 820.0, 491.0, 761.0, 430.0, 728.0, 369.0, 724.0, 295.0]], "area": 194220.0, "iscrowd": 0, "image_id": 227972956, "bbox": [724.0, 47.0, 500.0, 503.0], "category_id": 2, "id": 32}, {"segmentation": [[347.0, 90.0, 402.0, 88.0, 452.0, 104.0, 487.0, 124.0, 513.0, 143.0, 530.0, 163.0, 550.0, 189.0, 566.0, 225.0, 574.0, 259.0, 573.0, 300.0, 568.0, 339.0, 555.0, 373.0, 536.0, 406.0, 509.0, 431.0, 482.0, 454.0, 441.0, 474.0, 409.0, 482.0, 359.0, 482.0, 324.0, 478.0, 290.0, 465.0, 249.0, 440.0, 221.0, 409.0, 198.0, 371.0, 184.0, 328.0, 178.0, 286.0, 182.0, 249.0, 194.0, 209.0, 212.0, 177.0, 235.0, 146.0, 269.0, 121.0, 304.0, 101.0]], "area": 122485.0, "iscrowd": 0, "image_id": 227972957, "bbox": [178.0, 88.0, 396.0, 394.0], "category_id": 2, "id": 33}, {"segmentation": [[356.0, 27.0, 378.0, 19.0, 405.0, 18.0, 426.0, 23.0, 441.0, 34.0, 456.0, 49.0, 468.0, 68.0, 473.0, 83.0, 472.0, 106.0, 468.0, 127.0, 458.0, 146.0, 448.0, 160.0, 432.0, 171.0, 409.0, 178.0, 387.0, 180.0, 360.0, 174.0, 343.0, 163.0, 326.0, 145.0, 316.0, 124.0, 312.0, 99.0, 315.0, 76.0, 321.0, 56.0, 334.0, 40.0]], "area": 20522.5, "iscrowd": 0, "image_id": 227972958, "bbox": [312.0, 18.0, 161.0, 162.0], "category_id": 2, "id": 34}, {"segmentation": [[338.0, 62.0, 378.0, 31.0, 416.0, 22.0, 440.0, 19.0, 466.0, 26.0, 490.0, 36.0, 510.0, 50.0, 530.0, 70.0, 542.0, 91.0, 552.0, 111.0, 556.0, 138.0, 554.0, 169.0, 546.0, 195.0, 531.0, 221.0, 514.0, 239.0, 489.0, 252.0, 461.0, 263.0, 436.0, 267.0, 399.0, 261.0, 377.0, 255.0, 361.0, 247.0, 349.0, 196.0, 343.0, 186.0, 334.0, 189.0, 334.0, 225.0, 318.0, 194.0, 309.0, 165.0, 308.0, 133.0, 314.0, 103.0]], "area": 46923.5, "iscrowd": 0, "image_id": 227972959, "bbox": [308.0, 19.0, 248.0, 248.0], "category_id": 2, "id": 35}, {"segmentation": [[879.0, 231.0, 969.0, 222.0, 1057.0, 228.0, 1147.0, 257.0, 1227.0, 301.0, 1284.0, 344.0, 1326.0, 391.0, 1364.0, 448.0, 1393.0, 518.0, 1406.0, 567.0, 1419.0, 675.0, 1404.0, 758.0, 1388.0, 819.0, 1346.0, 905.0, 1320.0, 943.0, 1254.0, 1010.0, 1173.0, 1062.0, 1096.0, 1093.0, 1059.0, 1099.0, 835.0, 1090.0, 784.0, 1068.0, 704.0, 1018.0, 644.0, 974.0, 598.0, 905.0, 561.0, 838.0, 532.0, 753.0, 523.0, 687.0, 523.0, 618.0, 540.0, 541.0, 566.0, 476.0, 613.0, 396.0, 670.0, 341.0, 739.0, 285.0]], "area": 618378.0, "iscrowd": 0, "image_id": 227972960, "bbox": [523.0, 222.0, 896.0, 877.0], "category_id": 2, "id": 36}, {"segmentation": [[363.0, 53.0, 374.0, 47.0, 389.0, 45.0, 402.0, 48.0, 413.0, 55.0, 420.0, 64.0, 424.0, 76.0, 425.0, 90.0, 420.0, 102.0, 414.0, 110.0, 407.0, 117.0, 395.0, 121.0, 389.0, 121.0, 389.0, 114.0, 399.0, 105.0, 401.0, 100.0, 396.0, 97.0, 389.0, 104.0, 381.0, 110.0, 382.0, 101.0, 385.0, 91.0, 384.0, 85.0, 379.0, 86.0, 373.0, 107.0, 371.0, 94.0, 372.0, 84.0, 368.0, 79.0, 362.0, 104.0, 357.0, 86.0, 355.0, 81.0, 352.0, 89.0, 352.0, 97.0, 348.0, 79.0, 353.0, 64.0]], "area": 3620.5, "iscrowd": 0, "image_id": 227972961, "bbox": [348.0, 45.0, 77.0, 76.0], "category_id": 2, "id": 37}, {"segmentation": [[828.0, 72.0, 919.0, 90.0, 985.0, 100.0, 1038.0, 113.0, 1068.0, 139.0, 1074.0, 202.0, 1129.0, 264.0, 1164.0, 331.0, 1215.0, 392.0, 1266.0, 453.0, 1319.0, 543.0, 1341.0, 600.0, 1366.0, 649.0, 1341.0, 694.0, 1317.0, 761.0, 1313.0, 828.0, 1315.0, 871.0, 1317.0, 934.0, 1319.0, 1004.0, 1292.0, 1112.0, 1272.0, 1173.0, 1190.0, 1281.0, 1148.0, 1348.0, 1086.0, 1456.0, 1035.0, 1538.0, 958.0, 1593.0, 866.0, 1626.0, 734.0, 1623.0, 617.0, 1607.0, 507.0, 1603.0, 397.0, 1589.0, 301.0, 1536.0, 220.0, 1454.0, 171.0, 1328.0, 142.0, 1246.0, 138.0, 1144.0, 146.0, 1049.0, 147.0, 975.0, 151.0, 883.0, 151.0, 820.0, 191.0, 802.0, 214.0, 757.0, 195.0, 720.0, 185.0, 688.0, 204.0, 667.0, 246.0, 692.0, 246.0, 643.0, 279.0, 596.0, 318.0, 524.0, 371.0, 441.0, 442.0, 369.0, 511.0, 296.0, 581.0, 223.0, 599.0, 168.0, 642.0, 107.0, 695.0, 94.0]], "area": 1418363.5, "iscrowd": 0, "image_id": 227972962, "bbox": [138.0, 72.0, 1228.0, 1554.0], "category_id": 1, "id": 38}, {"segmentation": [[655.0, 85.0, 697.0, 85.0, 741.0, 88.0, 778.0, 102.0, 809.0, 103.0, 873.0, 121.0, 927.0, 153.0, 966.0, 189.0, 1002.0, 228.0, 1031.0, 266.0, 1057.0, 296.0, 1069.0, 288.0, 1083.0, 296.0, 1084.0, 279.0, 1105.0, 282.0, 1130.0, 304.0, 1148.0, 330.0, 1147.0, 348.0, 1159.0, 372.0, 1181.0, 411.0, 1195.0, 447.0, 1207.0, 474.0, 1219.0, 521.0, 1224.0, 561.0, 1222.0, 584.0, 1230.0, 612.0, 1231.0, 634.0, 1217.0, 642.0, 1180.0, 642.0, 1152.0, 606.0, 1109.0, 581.0, 1081.0, 562.0, 1064.0, 576.0, 1034.0, 541.0, 1015.0, 540.0, 1009.0, 565.0, 1043.0, 598.0, 1084.0, 634.0, 1106.0, 655.0, 1082.0, 666.0, 1066.0, 661.0, 1059.0, 678.0, 1032.0, 677.0, 979.0, 641.0, 930.0, 617.0, 874.0, 589.0, 824.0, 559.0, 843.0, 607.0, 854.0, 665.0, 830.0, 662.0, 791.0, 652.0, 780.0, 617.0, 772.0, 535.0, 740.0, 521.0, 687.0, 490.0, 671.0, 454.0, 662.0, 493.0, 666.0, 542.0, 660.0, 571.0, 660.0, 599.0, 709.0, 637.0, 722.0, 679.0, 686.0, 688.0, 642.0, 665.0, 593.0, 620.0, 586.0, 579.0, 583.0, 526.0, 573.0, 516.0, 564.0, 544.0, 527.0, 614.0, 494.0, 650.0, 457.0, 643.0, 431.0, 664.0, 425.0, 690.0, 406.0, 708.0, 383.0, 697.0, 370.0, 663.0, 413.0, 577.0, 349.0, 608.0, 309.0, 633.0, 293.0, 645.0, 267.0, 666.0, 237.0, 690.0, 196.0, 655.0, 234.0, 600.0, 217.0, 573.0, 191.0, 519.0, 186.0, 459.0, 185.0, 389.0, 203.0, 329.0, 235.0, 270.0, 290.0, 207.0, 360.0, 157.0, 428.0, 125.0, 495.0, 101.0, 589.0, 91.0]], "area": 449778.0, "iscrowd": 0, "image_id": 227972963, "bbox": [185.0, 85.0, 1046.0, 623.0], "category_id": 1, "id": 39}, {"segmentation": [[231.0, 0.0, 629.0, 0.0, 672.0, 40.0, 705.0, 89.0, 724.0, 125.0, 740.0, 159.0, 745.0, 178.0, 769.0, 191.0, 786.0, 206.0, 798.0, 245.0, 799.0, 276.0, 797.0, 311.0, 787.0, 333.0, 778.0, 386.0, 766.0, 448.0, 752.0, 501.0, 741.0, 538.0, 741.0, 583.0, 728.0, 601.0, 710.0, 606.0, 681.0, 600.0, 660.0, 581.0, 664.0, 556.0, 626.0, 565.0, 615.0, 587.0, 621.0, 655.0, 601.0, 669.0, 582.0, 664.0, 566.0, 580.0, 503.0, 559.0, 511.0, 594.0, 511.0, 633.0, 511.0, 661.0, 507.0, 682.0, 488.0, 686.0, 465.0, 686.0, 471.0, 636.0, 464.0, 589.0, 442.0, 572.0, 436.0, 592.0, 426.0, 590.0, 409.0, 529.0, 396.0, 551.0, 416.0, 604.0, 425.0, 621.0, 408.0, 630.0, 376.0, 630.0, 355.0, 618.0, 339.0, 608.0, 332.0, 555.0, 262.0, 559.0, 265.0, 591.0, 281.0, 618.0, 290.0, 637.0, 268.0, 648.0, 234.0, 648.0, 217.0, 642.0, 200.0, 583.0, 165.0, 603.0, 132.0, 608.0, 112.0, 587.0, 116.0, 562.0, 129.0, 553.0, 112.0, 514.0, 99.0, 488.0, 80.0, 455.0, 57.0, 422.0, 39.0, 375.0, 33.0, 322.0, 38.0, 271.0, 43.0, 209.0, 63.0, 160.0, 93.0, 112.0, 132.0, 64.0, 177.0, 32.0]], "area": 403515.0, "iscrowd": 0, "image_id": 227972964, "bbox": [33.0, 0.0, 766.0, 686.0], "category_id": 1, "id": 40}, {"segmentation": [[319.0, 34.0, 391.0, 29.0, 455.0, 43.0, 499.0, 62.0, 544.0, 86.0, 582.0, 118.0, 613.0, 157.0, 639.0, 192.0, 645.0, 213.0, 649.0, 251.0, 650.0, 289.0, 644.0, 330.0, 632.0, 382.0, 614.0, 428.0, 582.0, 475.0, 552.0, 515.0, 526.0, 534.0, 481.0, 565.0, 443.0, 577.0, 364.0, 577.0, 299.0, 567.0, 247.0, 544.0, 199.0, 522.0, 181.0, 510.0, 149.0, 485.0, 139.0, 458.0, 120.0, 428.0, 111.0, 377.0, 100.0, 330.0, 96.0, 288.0, 108.0, 244.0, 119.0, 201.0, 139.0, 157.0, 173.0, 114.0, 217.0, 78.0, 263.0, 55.0]], "area": 238197.5, "iscrowd": 0, "image_id": 227972965, "bbox": [96.0, 29.0, 554.0, 548.0], "category_id": 1, "id": 41}, {"segmentation": [[363.0, 19.0, 397.0, 19.0, 438.0, 27.0, 462.0, 45.0, 474.0, 59.0, 490.0, 42.0, 509.0, 48.0, 524.0, 60.0, 530.0, 77.0, 531.0, 97.0, 565.0, 121.0, 592.0, 151.0, 624.0, 197.0, 644.0, 233.0, 662.0, 274.0, 674.0, 310.0, 666.0, 341.0, 649.0, 361.0, 654.0, 383.0, 648.0, 418.0, 639.0, 454.0, 621.0, 501.0, 605.0, 539.0, 586.0, 557.0, 560.0, 563.0, 543.0, 573.0, 526.0, 593.0, 520.0, 615.0, 489.0, 619.0, 442.0, 618.0, 189.0, 619.0, 141.0, 534.0, 134.0, 516.0, 132.0, 445.0, 128.0, 403.0, 133.0, 364.0, 134.0, 327.0, 139.0, 295.0, 148.0, 274.0, 151.0, 223.0, 179.0, 187.0, 198.0, 160.0, 229.0, 131.0, 276.0, 99.0, 293.0, 86.0, 293.0, 55.0, 304.0, 37.0, 328.0, 17.0, 345.0, 8.0, 362.0, 8.0]], "area": 256271.5, "iscrowd": 0, "image_id": 227972966, "bbox": [128.0, 8.0, 546.0, 611.0], "category_id": 1, "id": 42}, {"segmentation": [[606.0, 57.0, 722.0, 23.0, 822.0, 19.0, 896.0, 30.0, 978.0, 63.0, 1048.0, 95.0, 1129.0, 146.0, 1178.0, 192.0, 1221.0, 244.0, 1272.0, 324.0, 1285.0, 389.0, 1281.0, 428.0, 1260.0, 494.0, 1261.0, 570.0, 1246.0, 639.0, 1220.0, 711.0, 1184.0, 780.0, 1156.0, 832.0, 1134.0, 884.0, 1099.0, 908.0, 1050.0, 954.0, 1009.0, 1000.0, 964.0, 1032.0, 918.0, 1055.0, 871.0, 1064.0, 804.0, 1065.0, 734.0, 1065.0, 660.0, 1065.0, 613.0, 1054.0, 547.0, 1012.0, 486.0, 978.0, 439.0, 914.0, 415.0, 864.0, 394.0, 786.0, 377.0, 712.0, 361.0, 643.0, 352.0, 589.0, 339.0, 537.0, 336.0, 475.0, 334.0, 433.0, 327.0, 390.0, 336.0, 342.0, 376.0, 272.0, 410.0, 214.0, 461.0, 157.0, 521.0, 111.0]], "area": 781546.0, "iscrowd": 0, "image_id": 227972967, "bbox": [327.0, 19.0, 958.0, 1046.0], "category_id": 1, "id": 43}, {"segmentation": [[209.0, 25.0, 247.0, 22.0, 290.0, 34.0, 317.0, 53.0, 344.0, 69.0, 365.0, 88.0, 370.0, 113.0, 371.0, 147.0, 363.0, 190.0, 353.0, 221.0, 336.0, 244.0, 326.0, 259.0, 308.0, 267.0, 286.0, 274.0, 262.0, 280.0, 246.0, 280.0, 224.0, 278.0, 211.0, 273.0, 197.0, 268.0, 183.0, 262.0, 191.0, 257.0, 201.0, 246.0, 201.0, 228.0, 190.0, 216.0, 174.0, 209.0, 152.0, 209.0, 136.0, 210.0, 126.0, 189.0, 114.0, 177.0, 105.0, 166.0, 101.0, 145.0, 100.0, 128.0, 110.0, 109.0, 129.0, 81.0, 149.0, 60.0, 170.0, 43.0]], "area": 50587.0, "iscrowd": 0, "image_id": 227972968, "bbox": [100.0, 22.0, 271.0, 258.0], "category_id": 1, "id": 44}, {"segmentation": [[221.0, 394.0, 244.0, 382.0, 272.0, 366.0, 261.0, 344.0, 250.0, 313.0, 254.0, 275.0, 263.0, 236.0, 282.0, 200.0, 306.0, 166.0, 332.0, 143.0, 368.0, 124.0, 401.0, 115.0, 437.0, 113.0, 470.0, 116.0, 490.0, 113.0, 507.0, 120.0, 525.0, 119.0, 540.0, 129.0, 561.0, 126.0, 577.0, 132.0, 604.0, 142.0, 632.0, 161.0, 652.0, 187.0, 675.0, 210.0, 690.0, 225.0, 707.0, 216.0, 724.0, 231.0, 743.0, 256.0, 756.0, 280.0, 765.0, 308.0, 775.0, 334.0, 786.0, 370.0, 782.0, 390.0, 765.0, 395.0, 756.0, 394.0, 741.0, 375.0, 720.0, 378.0, 711.0, 387.0, 725.0, 406.0, 732.0, 427.0, 728.0, 440.0, 706.0, 434.0, 693.0, 424.0, 678.0, 411.0, 655.0, 401.0, 617.0, 373.0, 591.0, 358.0, 596.0, 403.0, 596.0, 431.0, 582.0, 438.0, 563.0, 432.0, 551.0, 359.0, 542.0, 331.0, 511.0, 323.0, 486.0, 333.0, 490.0, 368.0, 504.0, 386.0, 531.0, 404.0, 538.0, 417.0, 508.0, 417.0, 485.0, 407.0, 453.0, 376.0, 446.0, 345.0, 426.0, 360.0, 388.0, 386.0, 382.0, 403.0, 381.0, 422.0, 368.0, 430.0, 355.0, 427.0, 345.0, 374.0, 303.0, 379.0, 299.0, 392.0, 266.0, 407.0, 233.0, 411.0, 218.0, 405.0]], "area": 118459.5, "iscrowd": 0, "image_id": 227972969, "bbox": [218.0, 113.0, 568.0, 327.0], "category_id": 1, "id": 45}, {"segmentation": [[1164.0, 489.0, 1164.0, 382.0, 1170.0, 287.0, 1228.0, 189.0, 1274.0, 160.0, 1280.0, 249.0, 1300.0, 342.0, 1312.0, 426.0, 1384.0, 434.0, 1474.0, 423.0, 1598.0, 391.0, 1737.0, 379.0, 1872.0, 368.0, 2002.0, 385.0, 2127.0, 391.0, 2268.0, 431.0, 2390.0, 463.0, 2520.0, 506.0, 2641.0, 576.0, 2736.0, 654.0, 2817.0, 735.0, 2910.0, 836.0, 2996.0, 940.0, 3077.0, 1055.0, 3155.0, 1168.0, 3222.0, 1289.0, 3268.0, 1428.0, 3305.0, 1552.0, 3326.0, 1648.0, 3407.0, 1677.0, 3525.0, 1700.0, 3649.0, 1737.0, 3742.0, 1769.0, 3828.0, 1807.0, 3837.0, 1873.0, 3747.0, 1864.0, 3548.0, 1836.0, 3398.0, 1827.0, 3268.0, 1815.0, 3144.0, 1758.0, 3066.0, 1786.0, 2886.0, 1847.0, 2725.0, 1879.0, 2699.0, 1937.0, 2684.0, 1989.0, 2632.0, 2032.0, 2554.0, 2015.0, 2470.0, 1893.0, 2439.0, 1812.0, 2398.0, 1711.0, 2338.0, 1706.0, 2216.0, 1688.0, 2089.0, 1633.0, 2020.0, 1564.0, 1907.0, 1564.0, 1754.0, 1645.0, 1679.0, 1688.0, 1661.0, 1726.0, 1604.0, 1723.0, 1543.0, 1766.0, 1520.0, 1792.0, 1422.0, 1775.0, 1416.0, 1674.0, 1491.0, 1604.0, 1630.0, 1526.0, 1644.0, 1396.0, 1647.0, 1295.0, 1557.0, 1203.0, 1456.0, 1070.0, 1335.0, 1107.0, 1254.0, 1145.0, 1136.0, 1136.0, 1049.0, 1133.0, 980.0, 1177.0, 916.0, 1154.0, 870.0, 1133.0, 818.0, 1087.0, 847.0, 1009.0, 913.0, 865.0, 977.0, 720.0, 1040.0, 625.0]], "area": 2494347.5, "iscrowd": 0, "image_id": 227972970, "bbox": [818.0, 160.0, 3019.0, 1872.0], "category_id": 1, "id": 46}, {"segmentation": [[360.0, 79.0, 428.0, 73.0, 488.0, 85.0, 528.0, 102.0, 566.0, 133.0, 604.0, 174.0, 628.0, 219.0, 636.0, 257.0, 636.0, 307.0, 622.0, 342.0, 610.0, 370.0, 586.0, 413.0, 556.0, 455.0, 535.0, 482.0, 498.0, 507.0, 453.0, 522.0, 407.0, 532.0, 358.0, 530.0, 312.0, 518.0, 270.0, 489.0, 238.0, 459.0, 212.0, 417.0, 196.0, 376.0, 192.0, 309.0, 190.0, 257.0, 196.0, 225.0, 200.0, 211.0, 221.0, 179.0, 245.0, 153.0, 259.0, 133.0, 294.0, 106.0, 329.0, 91.0]], "area": 159636.5, "iscrowd": 0, "image_id": 227972971, "bbox": [190.0, 73.0, 446.0, 459.0], "category_id": 1, "id": 47}, {"segmentation": [[678.0, 173.0, 765.0, 175.0, 864.0, 183.0, 937.0, 201.0, 1003.0, 229.0, 1060.0, 270.0, 1097.0, 354.0, 1112.0, 421.0, 1097.0, 470.0, 1067.0, 520.0, 1059.0, 552.0, 1028.0, 604.0, 996.0, 634.0, 946.0, 673.0, 911.0, 700.0, 882.0, 723.0, 847.0, 738.0, 806.0, 757.0, 782.0, 762.0, 766.0, 763.0, 734.0, 789.0, 705.0, 799.0, 647.0, 779.0, 583.0, 749.0, 533.0, 716.0, 481.0, 669.0, 442.0, 624.0, 430.0, 580.0, 413.0, 500.0, 408.0, 444.0, 420.0, 394.0, 446.0, 337.0, 484.0, 291.0, 530.0, 236.0, 568.0, 216.0, 620.0, 205.0]], "area": 324931.0, "iscrowd": 0, "image_id": 227972972, "bbox": [408.0, 173.0, 704.0, 626.0], "category_id": 1, "id": 48}, {"segmentation": [[291.0, 2.0, 334.0, 4.0, 362.0, 13.0, 390.0, 24.0, 409.0, 31.0, 426.0, 44.0, 446.0, 57.0, 449.0, 44.0, 460.0, 44.0, 473.0, 54.0, 480.0, 67.0, 488.0, 75.0, 496.0, 89.0, 504.0, 102.0, 511.0, 119.0, 518.0, 135.0, 526.0, 151.0, 531.0, 171.0, 532.0, 189.0, 534.0, 207.0, 534.0, 218.0, 522.0, 220.0, 516.0, 228.0, 505.0, 222.0, 492.0, 206.0, 482.0, 203.0, 488.0, 212.0, 497.0, 225.0, 503.0, 238.0, 501.0, 255.0, 497.0, 268.0, 492.0, 275.0, 485.0, 274.0, 485.0, 255.0, 480.0, 254.0, 469.0, 240.0, 467.0, 233.0, 458.0, 236.0, 450.0, 248.0, 438.0, 256.0, 433.0, 263.0, 446.0, 262.0, 457.0, 262.0, 461.0, 271.0, 453.0, 280.0, 450.0, 286.0, 438.0, 286.0, 425.0, 287.0, 411.0, 289.0, 404.0, 299.0, 384.0, 302.0, 367.0, 290.0, 361.0, 287.0, 346.0, 286.0, 336.0, 275.0, 327.0, 274.0, 322.0, 290.0, 319.0, 304.0, 306.0, 304.0, 284.0, 306.0, 272.0, 305.0, 248.0, 285.0, 230.0, 269.0, 220.0, 253.0, 213.0, 270.0, 208.0, 286.0, 200.0, 271.0, 195.0, 244.0, 178.0, 245.0, 170.0, 256.0, 158.0, 257.0, 141.0, 217.0, 135.0, 189.0, 133.0, 159.0, 135.0, 139.0, 141.0, 122.0, 148.0, 109.0, 156.0, 95.0, 164.0, 76.0, 177.0, 64.0, 195.0, 53.0, 203.0, 43.0, 215.0, 34.0, 225.0, 28.0, 239.0, 28.0, 245.0, 19.0, 268.0, 14.0, 277.0, 7.0]], "area": 89976.5, "iscrowd": 0, "image_id": 227972973, "bbox": [133.0, 2.0, 401.0, 304.0], "category_id": 1, "id": 49}, {"segmentation": [[383.0, 69.0, 423.0, 64.0, 460.0, 73.0, 488.0, 88.0, 515.0, 105.0, 536.0, 121.0, 553.0, 139.0, 567.0, 157.0, 581.0, 171.0, 592.0, 175.0, 616.0, 172.0, 625.0, 168.0, 642.0, 179.0, 649.0, 203.0, 655.0, 232.0, 656.0, 261.0, 658.0, 289.0, 656.0, 313.0, 656.0, 333.0, 656.0, 355.0, 656.0, 378.0, 654.0, 393.0, 637.0, 396.0, 620.0, 395.0, 610.0, 376.0, 601.0, 356.0, 583.0, 348.0, 570.0, 334.0, 558.0, 334.0, 566.0, 370.0, 566.0, 387.0, 574.0, 407.0, 583.0, 419.0, 564.0, 428.0, 543.0, 434.0, 531.0, 419.0, 517.0, 399.0, 508.0, 382.0, 491.0, 364.0, 480.0, 376.0, 477.0, 390.0, 458.0, 404.0, 428.0, 409.0, 403.0, 425.0, 396.0, 435.0, 401.0, 470.0, 414.0, 488.0, 423.0, 496.0, 406.0, 509.0, 396.0, 514.0, 381.0, 499.0, 369.0, 492.0, 361.0, 466.0, 350.0, 446.0, 343.0, 426.0, 330.0, 432.0, 323.0, 449.0, 332.0, 485.0, 347.0, 507.0, 366.0, 519.0, 354.0, 530.0, 334.0, 532.0, 318.0, 527.0, 302.0, 514.0, 288.0, 478.0, 278.0, 457.0, 261.0, 471.0, 243.0, 476.0, 220.0, 471.0, 198.0, 493.0, 170.0, 506.0, 142.0, 519.0, 120.0, 523.0, 108.0, 523.0, 106.0, 511.0, 120.0, 496.0, 144.0, 479.0, 162.0, 469.0, 175.0, 454.0, 151.0, 430.0, 129.0, 399.0, 115.0, 368.0, 103.0, 329.0, 101.0, 285.0, 109.0, 243.0, 118.0, 210.0, 142.0, 176.0, 174.0, 147.0, 206.0, 123.0, 238.0, 102.0, 273.0, 88.0, 302.0, 76.0, 342.0, 71.0]], "area": 177247.5, "iscrowd": 0, "image_id": 227972974, "bbox": [101.0, 64.0, 557.0, 468.0], "category_id": 1, "id": 50}, {"segmentation": [[105.0, 67.0, 155.0, 45.0, 207.0, 39.0, 251.0, 45.0, 301.0, 47.0, 338.0, 52.0, 378.0, 66.0, 407.0, 83.0, 437.0, 107.0, 464.0, 140.0, 482.0, 167.0, 498.0, 193.0, 515.0, 199.0, 530.0, 220.0, 539.0, 241.0, 545.0, 274.0, 557.0, 308.0, 565.0, 342.0, 574.0, 376.0, 574.0, 404.0, 575.0, 434.0, 582.0, 451.0, 586.0, 477.0, 578.0, 488.0, 563.0, 494.0, 542.0, 495.0, 532.0, 479.0, 521.0, 456.0, 499.0, 447.0, 479.0, 433.0, 462.0, 428.0, 436.0, 413.0, 423.0, 427.0, 409.0, 443.0, 343.0, 453.0, 324.0, 529.0, 326.0, 559.0, 247.0, 552.0, 180.0, 532.0, 127.0, 510.0, 89.0, 481.0, 79.0, 429.0, 44.0, 405.0, 5.0, 357.0, 2.0, 161.0, 23.0, 127.0]], "area": 216308.0, "iscrowd": 0, "image_id": 227972975, "bbox": [2.0, 39.0, 584.0, 520.0], "category_id": 1, "id": 51}, {"segmentation": [[261.0, 182.0, 321.0, 152.0, 380.0, 135.0, 431.0, 129.0, 491.0, 106.0, 536.0, 98.0, 599.0, 89.0, 646.0, 87.0, 701.0, 77.0, 768.0, 89.0, 838.0, 115.0, 888.0, 149.0, 934.0, 190.0, 967.0, 220.0, 1009.0, 253.0, 1033.0, 279.0, 1057.0, 296.0, 1089.0, 298.0, 1094.0, 274.0, 1106.0, 247.0, 1128.0, 245.0, 1148.0, 256.0, 1166.0, 286.0, 1179.0, 320.0, 1197.0, 356.0, 1217.0, 391.0, 1231.0, 424.0, 1246.0, 455.0, 1258.0, 500.0, 1269.0, 543.0, 1277.0, 585.0, 1281.0, 634.0, 1292.0, 671.0, 1287.0, 693.0, 1260.0, 700.0, 1234.0, 710.0, 1213.0, 693.0, 1190.0, 664.0, 1162.0, 649.0, 1087.0, 609.0, 1030.0, 571.0, 999.0, 592.0, 972.0, 604.0, 945.0, 608.0, 951.0, 633.0, 988.0, 666.0, 1008.0, 697.0, 1039.0, 727.0, 1047.0, 756.0, 1009.0, 747.0, 965.0, 735.0, 925.0, 737.0, 881.0, 712.0, 838.0, 694.0, 790.0, 669.0, 739.0, 647.0, 695.0, 622.0, 650.0, 614.0, 591.0, 712.0, 577.0, 777.0, 580.0, 812.0, 508.0, 822.0, 487.0, 773.0, 502.0, 700.0, 449.0, 688.0, 423.0, 753.0, 394.0, 818.0, 374.0, 849.0, 338.0, 854.0, 299.0, 854.0, 272.0, 845.0, 289.0, 760.0, 252.0, 778.0, 216.0, 811.0, 168.0, 778.0, 113.0, 739.0, 83.0, 686.0, 61.0, 619.0, 55.0, 528.0, 63.0, 451.0, 87.0, 379.0, 121.0, 311.0, 182.0, 245.0]], "area": 629250.0, "iscrowd": 0, "image_id": 227972976, "bbox": [55.0, 77.0, 1237.0, 777.0], "category_id": 1, "id": 52}, {"segmentation": [[481.0, 164.0, 542.0, 131.0, 610.0, 110.0, 679.0, 98.0, 739.0, 103.0, 796.0, 116.0, 837.0, 139.0, 873.0, 155.0, 913.0, 177.0, 951.0, 198.0, 984.0, 231.0, 1015.0, 260.0, 1035.0, 294.0, 1046.0, 331.0, 1035.0, 385.0, 1017.0, 426.0, 995.0, 443.0, 1024.0, 463.0, 1055.0, 470.0, 1086.0, 474.0, 1113.0, 476.0, 1115.0, 493.0, 1090.0, 505.0, 1056.0, 512.0, 1022.0, 514.0, 984.0, 505.0, 968.0, 500.0, 959.0, 553.0, 944.0, 581.0, 903.0, 600.0, 890.0, 601.0, 853.0, 498.0, 835.0, 520.0, 814.0, 558.0, 812.0, 610.0, 812.0, 620.0, 767.0, 626.0, 713.0, 619.0, 699.0, 612.0, 700.0, 552.0, 620.0, 475.0, 590.0, 468.0, 559.0, 481.0, 529.0, 512.0, 510.0, 526.0, 487.0, 531.0, 471.0, 539.0, 459.0, 558.0, 449.0, 580.0, 426.0, 596.0, 402.0, 614.0, 385.0, 620.0, 381.0, 578.0, 375.0, 547.0, 363.0, 486.0, 363.0, 447.0, 372.0, 405.0, 375.0, 360.0, 383.0, 323.0, 401.0, 281.0, 404.0, 244.0, 406.0, 220.0, 426.0, 227.0, 446.0, 195.0]], "area": 260521.0, "iscrowd": 0, "image_id": 227972977, "bbox": [363.0, 98.0, 752.0, 528.0], "category_id": 1, "id": 53}, {"segmentation": [[488.0, 86.0, 526.0, 68.0, 563.0, 58.0, 606.0, 43.0, 658.0, 39.0, 700.0, 37.0, 739.0, 46.0, 771.0, 59.0, 796.0, 74.0, 827.0, 90.0, 852.0, 110.0, 874.0, 134.0, 900.0, 175.0, 910.0, 205.0, 916.0, 251.0, 909.0, 285.0, 900.0, 312.0, 885.0, 349.0, 868.0, 374.0, 854.0, 395.0, 838.0, 410.0, 822.0, 426.0, 811.0, 433.0, 821.0, 451.0, 804.0, 481.0, 772.0, 500.0, 741.0, 508.0, 704.0, 521.0, 669.0, 544.0, 652.0, 569.0, 656.0, 595.0, 633.0, 597.0, 622.0, 575.0, 627.0, 537.0, 580.0, 486.0, 559.0, 485.0, 523.0, 473.0, 511.0, 463.0, 439.0, 480.0, 414.0, 499.0, 397.0, 521.0, 381.0, 532.0, 358.0, 539.0, 337.0, 528.0, 338.0, 497.0, 337.0, 449.0, 340.0, 389.0, 348.0, 342.0, 356.0, 311.0, 355.0, 272.0, 365.0, 242.0, 394.0, 224.0, 406.0, 239.0, 406.0, 213.0, 418.0, 179.0, 435.0, 144.0]], "area": 218832.0, "iscrowd": 0, "image_id": 227972978, "bbox": [337.0, 37.0, 579.0, 560.0], "category_id": 1, "id": 54}, {"segmentation": [[146.0, 29.0, 174.0, 32.0, 196.0, 39.0, 215.0, 45.0, 232.0, 50.0, 250.0, 56.0, 270.0, 61.0, 291.0, 69.0, 309.0, 80.0, 321.0, 92.0, 333.0, 105.0, 340.0, 117.0, 350.0, 132.0, 358.0, 142.0, 368.0, 147.0, 375.0, 143.0, 373.0, 130.0, 386.0, 133.0, 398.0, 146.0, 402.0, 157.0, 409.0, 167.0, 416.0, 177.0, 425.0, 192.0, 435.0, 209.0, 441.0, 232.0, 445.0, 244.0, 447.0, 258.0, 436.0, 261.0, 421.0, 260.0, 400.0, 246.0, 373.0, 244.0, 342.0, 244.0, 332.0, 247.0, 342.0, 260.0, 354.0, 269.0, 368.0, 279.0, 382.0, 287.0, 392.0, 297.0, 374.0, 302.0, 346.0, 300.0, 332.0, 286.0, 311.0, 275.0, 280.0, 262.0, 269.0, 259.0, 253.0, 267.0, 237.0, 273.0, 226.0, 268.0, 230.0, 258.0, 234.0, 244.0, 205.0, 231.0, 187.0, 229.0, 170.0, 229.0, 175.0, 243.0, 183.0, 251.0, 193.0, 261.0, 188.0, 272.0, 174.0, 270.0, 163.0, 267.0, 153.0, 256.0, 144.0, 237.0, 142.0, 230.0, 137.0, 210.0, 105.0, 226.0, 87.0, 234.0, 65.0, 238.0, 57.0, 241.0, 52.0, 256.0, 36.0, 263.0, 27.0, 260.0, 32.0, 243.0, 42.0, 226.0, 45.0, 211.0, 49.0, 201.0, 46.0, 193.0, 36.0, 199.0, 22.0, 198.0, 19.0, 188.0, 30.0, 179.0, 31.0, 170.0, 24.0, 154.0, 22.0, 138.0, 27.0, 114.0, 34.0, 95.0, 50.0, 73.0, 69.0, 56.0, 92.0, 41.0, 119.0, 31.0]], "area": 71259.0, "iscrowd": 0, "image_id": 227972979, "bbox": [19.0, 29.0, 428.0, 273.0], "category_id": 1, "id": 55}, {"segmentation": [[315.0, 102.0, 333.0, 81.0, 362.0, 63.0, 395.0, 50.0, 424.0, 48.0, 442.0, 57.0, 457.0, 72.0, 471.0, 91.0, 480.0, 106.0, 484.0, 122.0, 481.0, 146.0, 475.0, 162.0, 472.0, 171.0, 454.0, 176.0, 447.0, 183.0, 447.0, 195.0, 449.0, 202.0, 440.0, 203.0, 414.0, 184.0, 400.0, 180.0, 390.0, 186.0, 385.0, 194.0, 388.0, 206.0, 393.0, 212.0, 383.0, 212.0, 362.0, 197.0, 349.0, 178.0, 340.0, 166.0, 332.0, 162.0, 323.0, 164.0, 317.0, 152.0, 311.0, 137.0, 310.0, 119.0]], "area": 19497.5, "iscrowd": 0, "image_id": 227972980, "bbox": [310.0, 48.0, 174.0, 164.0], "category_id": 1, "id": 56}, {"segmentation": [[143.0, 11.0, 172.0, 17.0, 199.0, 28.0, 216.0, 35.0, 230.0, 51.0, 241.0, 71.0, 246.0, 88.0, 253.0, 105.0, 258.0, 124.0, 258.0, 145.0, 270.0, 152.0, 287.0, 161.0, 298.0, 177.0, 311.0, 190.0, 316.0, 201.0, 317.0, 210.0, 310.0, 210.0, 302.0, 206.0, 288.0, 196.0, 274.0, 189.0, 259.0, 192.0, 245.0, 196.0, 240.0, 202.0, 235.0, 219.0, 226.0, 232.0, 217.0, 246.0, 206.0, 253.0, 199.0, 258.0, 191.0, 259.0, 198.0, 278.0, 201.0, 292.0, 197.0, 297.0, 191.0, 292.0, 179.0, 283.0, 169.0, 278.0, 161.0, 278.0, 149.0, 275.0, 139.0, 273.0, 128.0, 268.0, 116.0, 261.0, 109.0, 254.0, 103.0, 241.0, 98.0, 233.0, 95.0, 223.0, 94.0, 213.0, 90.0, 204.0, 89.0, 184.0, 83.0, 174.0, 74.0, 158.0, 64.0, 153.0, 48.0, 153.0, 46.0, 163.0, 48.0, 174.0, 47.0, 191.0, 46.0, 206.0, 46.0, 221.0, 51.0, 239.0, 53.0, 256.0, 40.0, 240.0, 31.0, 214.0, 21.0, 190.0, 15.0, 166.0, 15.0, 139.0, 14.0, 120.0, 16.0, 102.0, 24.0, 81.0, 35.0, 63.0, 51.0, 45.0, 68.0, 30.0, 88.0, 20.0, 113.0, 13.0]], "area": 49258.0, "iscrowd": 0, "image_id": 227972980, "bbox": [14.0, 11.0, 303.0, 286.0], "category_id": 1, "id": 57}, {"segmentation": [[155.0, 67.0, 181.0, 54.0, 217.0, 38.0, 245.0, 33.0, 280.0, 34.0, 303.0, 40.0, 327.0, 52.0, 351.0, 71.0, 372.0, 87.0, 388.0, 103.0, 405.0, 126.0, 418.0, 147.0, 420.0, 173.0, 416.0, 196.0, 408.0, 216.0, 393.0, 241.0, 384.0, 251.0, 365.0, 258.0, 349.0, 269.0, 331.0, 277.0, 308.0, 280.0, 282.0, 278.0, 255.0, 273.0, 234.0, 269.0, 217.0, 258.0, 209.0, 252.0, 189.0, 252.0, 174.0, 255.0, 166.0, 258.0, 152.0, 250.0, 139.0, 242.0, 131.0, 238.0, 132.0, 233.0, 143.0, 227.0, 139.0, 216.0, 131.0, 206.0, 123.0, 196.0, 116.0, 181.0, 111.0, 170.0, 111.0, 161.0, 102.0, 147.0, 99.0, 134.0, 100.0, 121.0, 108.0, 106.0, 123.0, 90.0, 137.0, 76.0]], "area": 59290.0, "iscrowd": 0, "image_id": 227972981, "bbox": [99.0, 33.0, 321.0, 247.0], "category_id": 1, "id": 58}, {"segmentation": [[610.0, 135.0, 676.0, 162.0, 724.0, 187.0, 766.0, 221.0, 795.0, 254.0, 826.0, 295.0, 843.0, 332.0, 850.0, 372.0, 840.0, 391.0, 837.0, 412.0, 827.0, 445.0, 794.0, 450.0, 758.0, 462.0, 720.0, 493.0, 694.0, 523.0, 673.0, 542.0, 658.0, 563.0, 632.0, 580.0, 597.0, 600.0, 560.0, 610.0, 532.0, 617.0, 495.0, 620.0, 468.0, 622.0, 437.0, 623.0, 404.0, 630.0, 379.0, 638.0, 358.0, 646.0, 330.0, 615.0, 307.0, 582.0, 288.0, 545.0, 277.0, 511.0, 275.0, 478.0, 275.0, 453.0, 266.0, 422.0, 268.0, 388.0, 279.0, 368.0, 296.0, 357.0, 305.0, 348.0, 305.0, 322.0, 313.0, 293.0, 321.0, 273.0, 332.0, 254.0, 345.0, 236.0, 361.0, 218.0, 372.0, 208.0, 367.0, 182.0, 374.0, 166.0, 382.0, 146.0, 389.0, 128.0, 405.0, 115.0, 431.0, 102.0, 462.0, 94.0, 500.0, 97.0, 530.0, 94.0, 558.0, 100.0, 573.0, 109.0, 587.0, 115.0, 601.0, 122.0]], "area": 221764.0, "iscrowd": 0, "image_id": 227972982, "bbox": [266.0, 94.0, 584.0, 552.0], "category_id": 1, "id": 59}, {"segmentation": [[553.0, 457.0, 594.0, 443.0, 639.0, 451.0, 665.0, 469.0, 683.0, 498.0, 686.0, 532.0, 681.0, 566.0, 663.0, 588.0, 637.0, 608.0, 599.0, 612.0, 563.0, 603.0, 537.0, 585.0, 520.0, 551.0, 516.0, 521.0, 521.0, 493.0]], "area": 22465.0, "iscrowd": 0, "image_id": 227972983, "bbox": [516.0, 443.0, 170.0, 169.0], "category_id": 2, "id": 60}, {"segmentation": [[167.0, 378.0, 182.0, 371.0, 204.0, 366.0, 231.0, 370.0, 251.0, 382.0, 265.0, 407.0, 267.0, 435.0, 257.0, 458.0, 239.0, 475.0, 208.0, 483.0, 179.0, 475.0, 162.0, 464.0, 151.0, 442.0, 148.0, 425.0, 150.0, 410.0]], "area": 10788.5, "iscrowd": 0, "image_id": 227972984, "bbox": [148.0, 366.0, 119.0, 117.0], "category_id": 2, "id": 61}, {"segmentation": [[551.0, 370.0, 569.0, 361.0, 597.0, 361.0, 613.0, 368.0, 632.0, 384.0, 646.0, 406.0, 644.0, 430.0, 635.0, 451.0, 620.0, 466.0, 599.0, 475.0, 574.0, 473.0, 549.0, 461.0, 533.0, 444.0, 527.0, 416.0, 530.0, 393.0]], "area": 10485.5, "iscrowd": 0, "image_id": 227972984, "bbox": [527.0, 361.0, 119.0, 114.0], "category_id": 2, "id": 62}, {"segmentation": [[761.0, 241.0, 852.0, 248.0, 951.0, 293.0, 1016.0, 354.0, 1059.0, 430.0, 1078.0, 494.0, 1075.0, 578.0, 1050.0, 657.0, 1010.0, 729.0, 956.0, 773.0, 906.0, 807.0, 852.0, 827.0, 770.0, 829.0, 705.0, 823.0, 649.0, 810.0, 595.0, 771.0, 537.0, 718.0, 509.0, 670.0, 487.0, 611.0, 474.0, 546.0, 480.0, 488.0, 506.0, 407.0, 542.0, 348.0, 597.0, 307.0, 649.0, 268.0, 699.0, 253.0]], "area": 277840.0, "iscrowd": 0, "image_id": 227972985, "bbox": [474.0, 241.0, 604.0, 588.0], "category_id": 2, "id": 63}, {"segmentation": [[634.0, 208.0, 646.0, 164.0, 674.0, 124.0, 714.0, 84.0, 746.0, 64.0, 788.0, 50.0, 836.0, 41.0, 882.0, 44.0, 923.0, 56.0, 964.0, 73.0, 985.0, 92.0, 1020.0, 132.0, 1038.0, 163.0, 1052.0, 199.0, 1060.0, 234.0, 1059.0, 273.0, 1053.0, 315.0, 1041.0, 350.0, 1014.0, 388.0, 983.0, 422.0, 946.0, 447.0, 912.0, 462.0, 874.0, 468.0, 836.0, 467.0, 809.0, 468.0, 768.0, 460.0, 726.0, 438.0, 693.0, 415.0, 669.0, 380.0, 644.0, 339.0, 632.0, 305.0, 628.0, 263.0]], "area": 145590.5, "iscrowd": 0, "image_id": 227972986, "bbox": [628.0, 41.0, 432.0, 427.0], "category_id": 2, "id": 64}, {"segmentation": [[684.0, 86.0, 747.0, 56.0, 814.0, 48.0, 858.0, 50.0, 902.0, 63.0, 940.0, 83.0, 978.0, 105.0, 1003.0, 134.0, 1030.0, 173.0, 1045.0, 207.0, 1062.0, 242.0, 1065.0, 291.0, 1061.0, 338.0, 1055.0, 367.0, 1041.0, 406.0, 1009.0, 451.0, 981.0, 482.0, 936.0, 509.0, 903.0, 527.0, 865.0, 533.0, 813.0, 533.0, 769.0, 537.0, 732.0, 529.0, 697.0, 513.0, 660.0, 489.0, 633.0, 457.0, 605.0, 420.0, 582.0, 377.0, 571.0, 335.0, 565.0, 294.0, 572.0, 246.0, 583.0, 204.0, 602.0, 162.0, 631.0, 131.0]], "area": 191472.0, "iscrowd": 0, "image_id": 227972987, "bbox": [565.0, 48.0, 500.0, 489.0], "category_id": 2, "id": 65}, {"segmentation": [[1375.0, 177.0, 1491.0, 138.0, 1653.0, 133.0, 1739.0, 150.0, 1836.0, 188.0, 1926.0, 248.0, 1988.0, 317.0, 2042.0, 394.0, 2071.0, 472.0, 2088.0, 564.0, 2096.0, 637.0, 2080.0, 726.0, 2051.0, 820.0, 2021.0, 886.0, 1965.0, 967.0, 1909.0, 1013.0, 1826.0, 1071.0, 1736.0, 1107.0, 1647.0, 1123.0, 1566.0, 1124.0, 1477.0, 1115.0, 1383.0, 1078.0, 1294.0, 1034.0, 1231.0, 974.0, 1171.0, 899.0, 1133.0, 811.0, 1100.0, 685.0, 1094.0, 574.0, 1110.0, 483.0, 1158.0, 381.0, 1210.0, 306.0, 1293.0, 229.0]], "area": 780868.5, "iscrowd": 0, "image_id": 227972988, "bbox": [1094.0, 133.0, 1002.0, 991.0], "category_id": 2, "id": 66}, {"segmentation": [[949.0, 78.0, 982.0, 56.0, 1035.0, 47.0, 1071.0, 64.0, 1100.0, 85.0, 1113.0, 121.0, 1114.0, 160.0, 1097.0, 202.0, 1067.0, 223.0, 1037.0, 235.0, 1004.0, 239.0, 972.0, 222.0, 949.0, 206.0, 933.0, 179.0, 922.0, 149.0, 926.0, 113.0]], "area": 28026.0, "iscrowd": 0, "image_id": 227972989, "bbox": [922.0, 47.0, 192.0, 192.0], "category_id": 2, "id": 67}, {"segmentation": [[554.0, 159.0, 589.0, 152.0, 628.0, 161.0, 657.0, 181.0, 671.0, 200.0, 682.0, 225.0, 684.0, 261.0, 674.0, 289.0, 659.0, 309.0, 643.0, 323.0, 624.0, 332.0, 602.0, 336.0, 577.0, 334.0, 551.0, 326.0, 533.0, 317.0, 520.0, 300.0, 507.0, 276.0, 498.0, 253.0, 500.0, 226.0, 504.0, 206.0, 523.0, 181.0, 536.0, 170.0]], "area": 26481.0, "iscrowd": 0, "image_id": 227972990, "bbox": [498.0, 152.0, 186.0, 184.0], "category_id": 2, "id": 68}, {"segmentation": [[299.0, 62.0, 368.0, 30.0, 422.0, 19.0, 471.0, 19.0, 515.0, 26.0, 552.0, 38.0, 586.0, 52.0, 621.0, 74.0, 645.0, 97.0, 674.0, 130.0, 698.0, 165.0, 709.0, 190.0, 712.0, 214.0, 677.0, 224.0, 666.0, 237.0, 668.0, 254.0, 711.0, 267.0, 727.0, 283.0, 718.0, 329.0, 695.0, 342.0, 674.0, 354.0, 670.0, 368.0, 687.0, 389.0, 663.0, 411.0, 236.0, 413.0, 209.0, 373.0, 222.0, 356.0, 221.0, 335.0, 205.0, 320.0, 188.0, 308.0, 186.0, 255.0, 208.0, 263.0, 234.0, 254.0, 235.0, 228.0, 219.0, 213.0, 193.0, 199.0, 200.0, 176.0, 223.0, 136.0, 250.0, 101.0]], "area": 171130.5, "iscrowd": 0, "image_id": 227972991, "bbox": [186.0, 19.0, 541.0, 394.0], "category_id": 2, "id": 69}, {"segmentation": [[426.0, 110.0, 422.0, 120.0, 426.0, 133.0, 437.0, 139.0, 448.0, 137.0, 458.0, 128.0, 458.0, 115.0, 447.0, 106.0]], "area": 901.5, "iscrowd": 0, "image_id": 227972992, "bbox": [422.0, 106.0, 36.0, 33.0], "category_id": 2, "id": 70}, {"segmentation": [[423.0, 110.0, 421.0, 122.0, 427.0, 135.0, 439.0, 136.0, 453.0, 136.0, 459.0, 125.0, 457.0, 112.0, 447.0, 104.0, 433.0, 103.0]], "area": 1021.0, "iscrowd": 0, "image_id": 227972992, "bbox": [421.0, 103.0, 38.0, 33.0], "category_id": 2, "id": 71}, {"segmentation": [[264.0, 163.0, 304.0, 158.0, 346.0, 167.0, 371.0, 186.0, 387.0, 204.0, 404.0, 231.0, 410.0, 257.0, 411.0, 283.0, 408.0, 303.0, 400.0, 331.0, 382.0, 354.0, 367.0, 366.0, 342.0, 382.0, 316.0, 391.0, 289.0, 392.0, 258.0, 389.0, 226.0, 373.0, 199.0, 347.0, 183.0, 320.0, 174.0, 286.0, 174.0, 253.0, 185.0, 222.0, 207.0, 193.0, 233.0, 174.0, 246.0, 169.0]], "area": 43655.0, "iscrowd": 0, "image_id": 227972992, "bbox": [174.0, 158.0, 237.0, 234.0], "category_id": 2, "id": 72}, {"segmentation": [[673.0, 275.0, 688.0, 275.0, 701.0, 291.0, 698.0, 305.0, 687.0, 311.0, 674.0, 311.0, 666.0, 301.0, 665.0, 286.0]], "area": 1018.5, "iscrowd": 0, "image_id": 227972993, "bbox": [665.0, 275.0, 36.0, 36.0], "category_id": 2, "id": 73}, {"segmentation": [[266.0, 142.0, 284.0, 170.0, 304.0, 195.0, 324.0, 223.0, 306.0, 256.0, 293.0, 280.0, 272.0, 294.0, 244.0, 300.0, 238.0, 312.0, 232.0, 323.0, 198.0, 318.0, 179.0, 302.0, 161.0, 284.0, 150.0, 259.0, 145.0, 229.0, 148.0, 199.0, 161.0, 171.0, 186.0, 151.0, 215.0, 137.0, 244.0, 137.0]], "area": 23218.5, "iscrowd": 0, "image_id": 227972993, "bbox": [145.0, 137.0, 179.0, 186.0], "category_id": 2, "id": 74}, {"segmentation": [[152.0, 70.0, 198.0, 69.0, 237.0, 78.0, 271.0, 99.0, 296.0, 124.0, 312.0, 155.0, 318.0, 195.0, 315.0, 237.0, 303.0, 263.0, 294.0, 281.0, 268.0, 307.0, 244.0, 320.0, 211.0, 330.0, 186.0, 334.0, 154.0, 329.0, 120.0, 320.0, 101.0, 305.0, 79.0, 285.0, 62.0, 252.0, 50.0, 214.0, 49.0, 185.0, 56.0, 154.0, 69.0, 126.0, 93.0, 99.0, 120.0, 83.0]], "area": 56164.0, "iscrowd": 0, "image_id": 227972995, "bbox": [49.0, 69.0, 269.0, 265.0], "category_id": 2, "id": 75}, {"segmentation": [[469.0, 269.0, 523.0, 272.0, 561.0, 291.0, 580.0, 315.0, 591.0, 339.0, 597.0, 367.0, 595.0, 391.0, 587.0, 412.0, 571.0, 427.0, 526.0, 437.0, 485.0, 441.0, 436.0, 433.0, 404.0, 417.0, 388.0, 390.0, 387.0, 358.0, 396.0, 326.0, 418.0, 293.0, 449.0, 278.0]], "area": 28980.5, "iscrowd": 0, "image_id": 227972996, "bbox": [387.0, 269.0, 210.0, 172.0], "category_id": 2, "id": 76}, {"segmentation": [[303.0, 73.0, 371.0, 79.0, 421.0, 97.0, 453.0, 118.0, 482.0, 146.0, 505.0, 180.0, 522.0, 217.0, 531.0, 262.0, 529.0, 298.0, 519.0, 336.0, 504.0, 377.0, 481.0, 408.0, 462.0, 429.0, 428.0, 453.0, 394.0, 463.0, 351.0, 470.0, 315.0, 469.0, 277.0, 465.0, 237.0, 453.0, 203.0, 441.0, 182.0, 425.0, 154.0, 398.0, 132.0, 355.0, 120.0, 311.0, 116.0, 264.0, 124.0, 215.0, 144.0, 176.0, 170.0, 138.0, 204.0, 109.0, 241.0, 87.0]], "area": 130124.0, "iscrowd": 0, "image_id": 227972997, "bbox": [116.0, 73.0, 415.0, 397.0], "category_id": 2, "id": 77}, {"segmentation": [[224.0, 184.0, 240.0, 184.0, 254.0, 189.0, 263.0, 197.0, 269.0, 204.0, 272.0, 214.0, 274.0, 226.0, 271.0, 238.0, 264.0, 247.0, 258.0, 255.0, 250.0, 259.0, 234.0, 260.0, 222.0, 259.0, 207.0, 256.0, 202.0, 247.0, 196.0, 234.0, 194.0, 221.0, 195.0, 211.0, 201.0, 201.0, 209.0, 192.0]], "area": 4833.5, "iscrowd": 0, "image_id": 227972998, "bbox": [194.0, 184.0, 80.0, 76.0], "category_id": 2, "id": 78}, {"segmentation": [[491.0, 119.0, 562.0, 118.0, 637.0, 141.0, 689.0, 178.0, 722.0, 218.0, 748.0, 274.0, 763.0, 340.0, 754.0, 386.0, 729.0, 457.0, 699.0, 500.0, 675.0, 516.0, 388.0, 525.0, 356.0, 496.0, 330.0, 448.0, 307.0, 400.0, 301.0, 350.0, 304.0, 294.0, 324.0, 240.0, 356.0, 193.0, 390.0, 159.0, 431.0, 138.0]], "area": 153373.5, "iscrowd": 0, "image_id": 227972999, "bbox": [301.0, 118.0, 462.0, 407.0], "category_id": 2, "id": 79}, {"segmentation": [[295.0, 36.0, 331.0, 38.0, 365.0, 47.0, 388.0, 57.0, 413.0, 74.0, 429.0, 87.0, 443.0, 102.0, 458.0, 129.0, 469.0, 157.0, 474.0, 179.0, 477.0, 207.0, 473.0, 231.0, 464.0, 268.0, 452.0, 292.0, 435.0, 311.0, 419.0, 329.0, 393.0, 348.0, 353.0, 367.0, 321.0, 371.0, 289.0, 370.0, 250.0, 361.0, 220.0, 348.0, 196.0, 329.0, 179.0, 312.0, 161.0, 284.0, 147.0, 254.0, 142.0, 226.0, 139.0, 197.0, 142.0, 172.0, 148.0, 151.0, 155.0, 129.0, 166.0, 109.0, 184.0, 84.0, 205.0, 67.0, 231.0, 52.0, 260.0, 42.0]], "area": 88563.5, "iscrowd": 0, "image_id": 227973000, "bbox": [139.0, 36.0, 338.0, 335.0], "category_id": 2, "id": 80}, {"segmentation": [[547.0, 286.0, 578.0, 278.0, 611.0, 278.0, 633.0, 287.0, 657.0, 303.0, 668.0, 319.0, 679.0, 347.0, 683.0, 369.0, 674.0, 396.0, 668.0, 414.0, 655.0, 430.0, 641.0, 438.0, 607.0, 432.0, 577.0, 427.0, 555.0, 426.0, 524.0, 422.0, 509.0, 393.0, 503.0, 363.0, 507.0, 332.0, 525.0, 306.0]], "area": 22646.0, "iscrowd": 0, "image_id": 227973001, "bbox": [503.0, 278.0, 180.0, 160.0], "category_id": 2, "id": 81}, {"segmentation": [[133.0, 400.0, 178.0, 379.0, 235.0, 377.0, 280.0, 390.0, 313.0, 416.0, 335.0, 442.0, 347.0, 465.0, 361.0, 506.0, 361.0, 549.0, 355.0, 584.0, 317.0, 621.0, 284.0, 657.0, 238.0, 681.0, 183.0, 695.0, 148.0, 687.0, 94.0, 634.0, 73.0, 581.0, 66.0, 532.0, 74.0, 481.0, 95.0, 438.0]], "area": 71569.5, "iscrowd": 0, "image_id": 227973002, "bbox": [66.0, 377.0, 295.0, 318.0], "category_id": 2, "id": 82}, {"segmentation": [[1.0, 65.0, 25.0, 55.0, 56.0, 48.0, 82.0, 46.0, 118.0, 47.0, 147.0, 56.0, 169.0, 67.0, 195.0, 85.0, 216.0, 105.0, 229.0, 124.0, 243.0, 146.0, 250.0, 174.0, 257.0, 199.0, 257.0, 218.0, 250.0, 259.0, 242.0, 284.0, 229.0, 307.0, 213.0, 330.0, 187.0, 349.0, 145.0, 360.0, 92.0, 362.0, 6.0, 365.0]], "area": 69410.0, "iscrowd": 0, "image_id": 227973003, "bbox": [1.0, 46.0, 256.0, 319.0], "category_id": 2, "id": 83}, {"segmentation": [[590.0, 854.0, 691.0, 931.0, 752.0, 1031.0, 761.0, 1171.0, 730.0, 1267.0, 677.0, 1321.0, 592.0, 1381.0, 466.0, 1405.0, 375.0, 1381.0, 280.0, 1328.0, 222.0, 1258.0, 200.0, 1164.0, 193.0, 1074.0, 217.0, 994.0, 256.0, 927.0, 333.0, 876.0, 406.0, 844.0, 476.0, 832.0]], "area": 252508.0, "iscrowd": 0, "image_id": 227973004, "bbox": [193.0, 832.0, 568.0, 573.0], "category_id": 2, "id": 84}], "categories": [{"supercategory": "armadillo", "id": 1, "name": "armadillo"}, {"supercategory": "basketball", "id": 2, "name": "basketball"}]}